brabi orange pk l connexion ma t7ebech temchili kan fcbk 7ata le messenger ma najemtech na3mlelha tÃ©lÃ©chargement en plus le play store ma 7abech chniya ilmochkla brabi,positive
slm orange elyoum 3adet fourfi 900 ta3 7 jour tan7tli 1800 maya a3lech na7touhem dima tasrli hadi,positive
Ø¹Ø³Ù„Ø§Ù…Ø© Ø£ÙˆØ±ÙˆÙ†Ø¬ ÙƒÙ„ Ù…Ù†Ø¹Ù…Ù„ internet ÙˆÙ†Ø­Ø· Ù…Ø§ØªØ´ Ù†ØªÙØ±Ø¬ ÙÙŠÙ‡ Ù†Ù„Ù‚Ù‰ Ø¨ÙŠÙ†Ø§Ù„ØªÙŠ Ù„ØªØ±Ø¬ÙŠ Ø²Ø¹Ù…Ø§ Ù… Ø±ÙŠØ²Ùˆ Ø¶Ø¹ÙŠÙ ÙˆØ¥Ù„puce Ø¹Ø§Ø¯Ù…Ø©  . !!,positive
Ø§Ù„Ø·Ø¨ÙŠØ¨ ÙŠØ¯Ø§ÙˆÙŠ ÙˆØ§Ù„ÙØ±Ø¬ Ø¹Ù„Ù‰ Ø±Ø¨ÙŠ de quelle couleur est le carrÃ© ğŸ˜‚ğŸ˜‚ğŸ˜‚ğŸ˜‚ğŸ˜‚ğŸ˜‚ğŸ˜‚ğŸ…ğŸ…ğŸ…,positive
Ù†Ø³Ø§Ù„ÙƒÙ… 70 Ù…ÙŠØºØ§Ø§ Ø§Ù„Ù„Ù‡ Ù„Ø§ ØªØ±Ø¨Ø­ÙƒÙ… Ø§Ù†ØªÙ… Ø¨Ø§Ø´ ØªØ±Ø¨Ø­ÙˆÙˆ Ø§Ù„Ø´Ø¹Ø¨ ÙŠØ§ Ù…ØªØ­ÙŠÙ„ÙŠÙ† Ø§Ù† Ø´Ø§Ø¡ Ø§Ù„Ù„Ù‡ 70 Ù…ÙŠØºØ§Ø§ ØªØ·Ù„Ø¹Ù„ÙƒÙ… 70 Ù…Ù„ÙŠØ§Ø± Ø®Ø³Ø§Ø±Ø©,positive
"bara taw kol we7ed bech t8ochou luminositÃ© mte3ou ğŸ˜‚ğŸ˜‚ ena n9oul ""c""",positive
bon orange pk la connexion t7bch temchi ken facebook ama youtube t7ebechğŸ˜¤ğŸ˜¤ğŸ˜² plzzz gedou connexion  c'est rien okğŸ¤—ğŸ¤—,positive
3aslma orange belhy n7eb na3ref 3lach ne7etow barcha 7ajet kanow mawjodin fel offert d'appelle any wa7da mens 5alwony nkon men 7ourfkom wtaw bsar7a walit nlawej 3lla ay 5admt o5ra tsa3edny,positive
ana 3andi el orange wel telekom 00000 ok a3azhom tunisiana tay7et 3likom rabi m3aha ..,positive
"Ø§Ø±ÙˆÙ†Ø­ Ù…Ø±Ø³Ø³ÙŠ Ø¹Ù„Ø®Ø± Ø¹Ù„Ø®Ø± ÙˆØ§Ù„Ù„Ù‡ ğŸ’—ğŸ’—ğŸ’—ğŸ’—ğŸ’–ğŸ’–ğŸ’– 
Ø®Ø§Ø·Ø± Ø¨Ù„Ø­Ù‚ Ù…Ø§ ÙŠØªÙÙƒØ±Ù†ÙŠ Ø­Ø¯ ÙƒØ§Ù† Ø§Ù†ØªÙŠ 
Ùˆ ÙƒÙˆÙ†ÙƒØ³ÙŠÙˆÙ† Ù…ØªØ§Ø¹Ùƒ Ø¹Ø³Ù„ ØªØ´Ø¯Ù„ÙŠ Ø¨3 Ø¬Ù…Ø¹Ø§Øª 
ÙˆØ§Ù‡Ù… Ø­Ø§Ø¬Ù‡ Ø§Ù†Ùˆ ÙƒÙŠ ÙŠØ·Ù„Ø¨Ù†ÙŠ Ø´ÙƒÙˆÙ† Ù…ÙŠÙÙŠÙ‚Ø§Ø´ Ø¨ÙŠØ§ ÙƒÙ†Øª Ù†Ø­ÙƒÙŠ Ù„Ø§ ØªØ¬ÙŠÙ‡ Ø§ÙˆÙƒÙŠØ¨ÙŠ ÙˆÙ„Ø§ Ø§Ù† Ø§ØªÙˆÙ†Øª :* :* Ø±Ø¨ÙŠ ÙŠØ®Ù„ÙŠÙƒÙ… Ø§Ù…Ø§ Ø¨Ù„Ø§Ù‡ÙŠ Ù†Ù‚ØµÙˆ Ø´ÙˆÙŠ Ù…Ù† Ù…ÙŠØ³Ø§Ø¬Ø§Øª Ù…ØªØ§Ø¹ Ù…Ø³Ø§Ø·Ù‡ Ù‡Ùˆ Ø§Ù†ØªØ®Ø§Ø¨Ø§Øª Ù‡Ùˆ Ø¹ÙŠØ¯ Ø´Ø¬Ø±Ù‡ Ù‡Ùˆ Ø§Ø³ØªÙ‚Ù„Ø§Ù„ 
Ø§Ù…Ø§ Ø¨Ù„Ø§Ù‡ÙŠ Ù„Ø§ ØªÙ†Ø³Ø§Ù†ÙŠ ÙÙŠ Ø¹ÙŠØ¯ Ù„Ø­Ø¨ :*",positive
c c c ğŸ˜ğŸ‘,positive
Ø­ØªÙ‰ ÙˆØ§Ø­Ø¯ ğŸ˜’,positive
c,positive
c,positive
c,positive
c,positive
rouge,positive
,positive
c,positive
,positive
ÙˆÙŠÙ†ÙŠ Ø§Ù„Ù„Ø¹Ø¨Ø© ÙˆØ§Ø´ÙƒÙˆÙ† Ø±Ø¨Ø­Ù‡Ø§,positive
wel sirka 3ini 3inik chnowa namlo feha !??,positive
merci.oernje,positive
kifech hethi,positive
kifach,positive
slm orange ana 3andi fb parytohouli badlouli mot pass tanjmuo tarj3houli bajhrbi,positive
kifach,positive
slm braby orange 3ndhaa promo?,positive
mfhmtech kefech,positive
Ù„Ø¹Ø¨Ø© Ø§Ø®ØªØ§Ø± Ø±Ù‚Ù… Ù…Ù† 100Ù„999Ø´ÙƒÙˆÙ† ÙØ§Ø² ÙÙŠÙ‡Ø§ØŸØŸØŸØŸØŸ,positive
rakom 5ritou fih bi sir9a jme3it orange,positive
merci.oernje,positive
aya ayouta jouyoux anniversaire que bonheur 3ziztii hana bel msaba9 hobi kol 3em wenti e3chirti sa7ebti  denyti w ro7i kol 3em wenti 7eya b 1000000 ye ro7i <3 <3,positive
benti chaima 3id miledha nhar 4 n7eb n9olelha bon anneÃ¨ bel msaba9,positive
rabi yfadhali benti jouritta 3id miledha le 04/01/2017 a7la masarli fi 2017 ğŸ˜—ğŸ˜˜ğŸ˜ğŸ‘„ğŸ‚ğŸ‰ğŸ†ğŸ˜‡,positive
mouhamed n3rf mkch mawloud fi janfi ama 7abit nmrkik ğŸ˜‚ğŸ˜‚ğŸ˜‚ğŸ˜‚ğŸ˜‚ğŸ˜‚ğŸ˜ğŸ’ƒğŸ’ƒ,positive
larou riahi joyeux anniversaire o kol aam oenty hay b 1000 khir matagek had ntagik ena ğŸ˜‚ğŸ˜‚ğŸ˜‚ğŸ’ª,positive
sawsen bellil o5ti l3ziza nchallah kol 3am wanti hiy b alf 5ir w rabi 5lik liya ya a7la o5et fi denya,positive
rihab ben mehrez ena o o5ty zynna â¤ï¸ğŸ˜ joyeux anniversaire habybty ğŸ˜˜ğŸ’˜ğŸ’‹,positive
hedhly zh khaoula haboubtyyyy.joyeux anniversaire bel msaba9   ğŸ’ŸğŸ’ŸğŸ’Ÿ nheeebeek ğŸ’“ğŸ˜˜,positive
"Ø§Ù†Ø§ Ùˆ Ø±Ø§Ø¬Ù„ÙŠ Ù…ÙˆÙ„ÙˆØ¯ÙŠÙ† ÙÙŠ Ø¬Ø§Ù†ÙÙŠ 
ØªÙ†Ø¬Ù‘Ù…Ùˆ ØªÙ‡Ø¯ÙˆÙ„Ù†Ø§ ÙƒØ§Ø¯Ùˆ ÙŠØ§ #orange",positive
Ø§Ù†Ø§ Ùˆ Ø±Ø§Ø¬Ù„ÙŠ Ù…ÙˆÙ„ÙˆØ¯ÙŠÙ† ÙÙŠ Ø¬Ø§Ù†ÙÙŠ,positive
Ø§Ù†ÙŠ ÙÙŠ Ø¬Ø§Ù†ÙÙŠ,positive
13/01 ena ğŸ˜,positive
28 Ø¬Ø§Ù†ÙÙŠ,positive
bonne annÃ©e orange,positive
eni 7 janvier,positive
eniii le 5 ğŸ˜,positive
azza chÃ©rif happy birthday avant 12 jours bb â¤â¤â¤,positive
hanyy bch ntaggi ro7ii hhh raafat messaoudi 14 janvier,positive
prix,positive
prix,positive
prix,positive
prix,positive
Ù‡Ø°Ø§ Ø§Ù„Ù‡Ø§ØªÙ Ø³Ø¹Ø±Ù‡ Ø¨Ø®Ù…Ø³Ø© Ù…Ù„Ø§ÙŠÙŠÙ† ØªÙˆÙ†Ø³ÙŠ Ùˆ ÙŠÙ‡Ø¨Ø· ÙÙŠ ØªÙˆÙ†Ø³ Ø¨Ø¯Ø§ÙŠØ© Ù…Ù† ÙŠÙˆÙ… 12 Ø¬Ø§Ù†ÙÙŠ Ø§Ù„Ø­Ø§Ù„ÙŠ,positive
,positive
ÙƒÙ„ Ø¹Ø§Ù… ÙˆØ§Ù†Øª Ø¨Ø®ÙŠØ± Ø§ÙˆØ±Ù†Ø¬ ÙˆØ®ÙŠØªÙŠ Ø±Ø§ÙƒÙŠ Ù…Ø±Ø¶ØªÙ†ÙŠ,positive
,positive
magnifique a quel prix,positive
"belehi ma tabtawich barcha jma3it prix svp yistanaw
prix 5000 dt",positive
4.500 dt,positive
Ø´ÙˆÙ Ø¨Ø¹ÙŠÙ†Ùƒ ÙˆÙ…ÙˆØª Ø¨Ù‚Ù„Ø¨Ùƒ ..ÙÙ…Ø§Ø´ ÙˆØ­ÙŠØ¯ Ø¨Ù„Ø§Ø´ Ù„ÙˆØ®ÙŠÙƒ,positive
je pense que le prix sera cinq mille dinars.,positive
el carte bancaire t3 ma lehya tebki,positive
www.orange..tn.,positive
prix,positive
nadim ben othmane za3ma nbi3 slama ou chichry telephone ?,positive
prix,positive
prix,positive
bonne annÃ©e orange j espere que votre service technique s amÃ©liore c catastrophique j ai l adsl le rÃ©seau  Ã  97 pour cent est zÃ©ro tout le  temps je rÃ©clame enfin aeiiiiittttttt,positive
bonne annee orange ena 3andi 05 pus w dima nal3ab m3akom w ma3labelich nerbeh wella lee vive orange,positive
Ø§Ù†Ø§ ØªØ¹Ø¬Ø¨Ù†ÙŠ Ø§ÙˆØ±Ù†Ø¬ Ø¹Ù†Ø¯ÙŠ Ø²ÙˆØ² Ø¨ÙŠØ³Ø§Øª ÙˆÙŠØ¹Ø¬Ø¨Ù†ÙŠ ÙÙŠÙ‡Ø§ Ø§Ù„Ø§Ù†ØªØ±Ù†Ø§Øª Ø³Ø±ÙŠØ¹Ø© Ù„ÙƒÙ† Ø¹Ù…Ø±ÙŠ Ù…Ø§Ø±Ø¨Ø­Øª ÙÙŠ Ø­ØªÙ‰ Ù…Ø³Ø§Ø¨Ù‚Ø© ÙÙŠ Ø­ÙŠØ§ØªÙŠ Ø§Ù†Ø´Ø§Ø¡ Ø§Ù„Ù„Ù‡ ØªØµØ¯Ù ÙÙŠ 2018ØŒbonne annee orange,positive
Ø§Ù†Ø§ ØªØ¹Ø¬Ø¨Ù†ÙŠ Ø§ÙˆØ±Ù†Ø¬ Ø¹Ù†Ø¯ÙŠ Ø²ÙˆØ² Ø¨ÙŠØ³Ø§Øª ÙˆÙŠØ¹Ø¬Ø¨Ù†ÙŠ ÙÙŠÙ‡Ø§ Ø§Ù„Ø§Ù†ØªØ±Ù†Ø§Øª Ø³Ø±ÙŠØ¹Ø© Ù„ÙƒÙ† Ø¹Ù…Ø±ÙŠ Ù…Ø§Ø±Ø¨Ø­Øª ÙÙŠ Ø­ØªÙ‰ Ù…Ø³Ø§Ø¨Ù‚Ø© ÙÙŠ Ø­ÙŠØ§ØªÙŠ Ø§Ù†Ø´Ø§Ø¡ Ø§Ù„Ù„Ù‡ ØªØµØ¯Ù ÙÙŠ 2018ØŒbonne annee orange,positive
nchala 3amkom mabrouke orange nchala trabhona fi haja we nchala dima farhanin we tishale oumore,positive
Ø§Ù†Ø§ ØªØ¹Ø¬Ø¨Ù†ÙŠ Ø§ÙˆØ±Ù†Ø¬ Ø¹Ù†Ø¯ÙŠ Ø²ÙˆØ² Ø¨ÙŠØ³Ø§Øª ÙˆÙŠØ¹Ø¬Ø¨Ù†ÙŠ ÙÙŠÙ‡Ø§ Ø§Ù„Ø§Ù†ØªØ±Ù†Ø§Øª Ø³Ø±ÙŠØ¹Ø© Ù„ÙƒÙ† Ø¹Ù…Ø±ÙŠ Ù…Ø§Ø±Ø¨Ø­Øª ÙÙŠ Ø­ØªÙ‰ Ù…Ø³Ø§Ø¨Ù‚Ø© ÙÙŠ Ø­ÙŠØ§ØªÙŠ Ø§Ù†Ø´Ø§Ø¡ Ø§Ù„Ù„Ù‡ ØªØµØ¯Ù ÙÙŠ 2018ØŒbonne annee orange,positive
3malt m3akom jaw 3alami nahitouli flousi kima habitou w chthitou  kol chhar w ana nejri n5ales fel flybox,positive
Ø§Ø­Ù„Ø¦ Ø¬Ùˆ ØªØ¹Ø¯Ø¦ Ù…Ø¹ Ø§ÙˆØ±Ù†Ø¬ Ù‡Ùˆ Ø¹Ø§Ù… Ø³Ù†Ø§ Ø±Ø¨Ø­Øª ÙÙŠÙ‡ Ø§Ù†ØªØ±Ù†Ø§Øª Ø±Ø¨Ø­Øª ÙÙŠÙ‡ Ø¨Ø·Ø§Ù‚Ø© Ø´Ø­Ù† Ù‡Ø§ØªÙ ÙˆØ±Ø¨Ø­Øª ÙÙŠÙ‡ ØªÙ„ÙŠÙÙˆÙ† Ù…Ù† Ù†ÙˆØ¹ Ø±ÙÙŠØ¹ Ù…Ø±Ø³ÙŠ Ø§ÙˆØ±Ù†Ø¬ Ø§Ù†Ø´Ø§Ù„Ù„Ù‡ Ø¯ÙŠÙ…Ø§ Ù…Ù†ÙˆØ±ÙŠÙ† ÙˆØ§Ù„Ù…Ø²ÙŠØ¯ Ù…Ù† ØªØ§Ù„Ù‚ ÙˆØ§Ù„Ø¹Ù…Ù„ Ø§ÙˆØ±Ù†Ø¬ ÙŠÙ…Ù‡Ø¨Ù„ØªÙ†Ø§ Ø¨Ø§ÙØ±ÙŠØ§ØªÙƒ,positive
3amalt barcha jaw m3akoum 3am 2017 winchallah n3awdou 3am 2018 m3a les cadeaux mte3koum,positive
dima namele lÃ© commontaire  fel les jeux lkoule ou manthasele ala chaye am tokadou dima behineğŸ’•ğŸ’œ,positive
tii mnin brabi jaw dima nal3eb m3ekom w jamais rbe7et mnkom 7eja bera8em 3andi 2 pus orange w airbox ma3neha client w chy,positive
Ø§ÙˆØ±ÙˆÙ†Ø¬ Ø¥Ù† Ø´Ø§Ø¡ Ø§Ù„Ù„Ù‡ ÙƒÙ„ Ø¹Ø§Ù… ÙˆØ§Ù†Øª Ø¨Ø®ÙŠØ± ÙˆØªÙƒÙˆÙ† Ù…ØªØ£Ù„Ù‚Ø© Ø¯Ø§Ø¦Ù…Ø§,positive
ØªÙŠ Ø§Ù†ØªÙˆÙ…Ø§ Ø®ÙŠØ± Ù…Ù† Ø¨Ø±Ø´Ø§ Ø¹Ø¨Ø§Ø¯ ğŸ˜‚,positive
ra8mli marb7t me3akom hata chay ama bravo 5ir men barcha,positive
Ø§Ù„ÙØ±Ø­Ù‡ ØªØ¬ÙŠ Ø¨Ø§Ù„Ø±Ø¨Ø­  Ù…ÙˆØ´ Ø¶Ø­Ùƒ ÙˆØ¨Ø±Ø§ Ù‡Ø§ØªÙˆ Ø§Ù„glxsi,positive
el mousab9a mta talifoun m9ltoch chkoun rbaa7,positive
Ø§Ù† Ø´Ø§Ø§Ø¡ Ø§Ù„Ù„Ù‡ ÙƒÙ„ Ø¹Ø§Ø§Ù… Ùˆ Ø§Ù†ØªÙ… Ø­ÙŠÙŠÙŠÙŠÙ† Ø¨Ø§Ù„Ù„Ù Ø®ÙŠØ±Ø± â¤ğŸ˜ğŸ’ª,positive
nchlh 3amkom mabrouk w mil 7asan l a7san w raby ywafa9komğŸ’•ğŸ’•,positive
"bonne annÃ©e orange, beaucoup de rÃ©ussite ...",positive
Ø§Ù†Ø´Ø§Ù„Ù„Ù‡ Ø¹Ø§Ù…ÙƒÙ… Ù…Ø¨Ø±ÙˆÙƒ,positive
2017 t3ada mizyain w baihi m3a orange bonne annÃ©e,positive
"ijeni lhna haa orange wkhyty 
 aw num 283 w jarab saqdeq t5qsarni 7al n5ouneq m3a ooredo ğŸ”«ğŸ˜ ğŸ˜ ğŸ˜‚",positive
im so happy for meet you,positive
663.664.665.667.668.669.670.701.702.703.704.705.706.707.708.709.720.811.812.813.815.816.817.818.819.820.901.902.924.933.945.956.968.988.990.ÙˆÙŠÙ†ÙˆØ± Ø§Ù„Ø±Ù‚Ù… ØµØ­ÙŠØ­,positive
663.664.665.667.668.669.670.701.702.703.704.705.706.707.708.709.720.811.812.813.815.816.817.818.819.820.901.902.924.933.945.956.968.988.990.ÙˆÙŠÙ†ÙˆØ± Ø§Ù„Ø±Ù‚Ù… ØµØ­ÙŠØ­,positive
ÙÙ…Ø§ Ù†Ø§Ø³ Ù…Ø´ Ù…ØµØ¯Ù‚ÙŠÙ†Ù‡Ø§ Ù…Ø³Ø§Ø¨Ù‚Ø© Ø§ÙˆØ±Ù†Ø¬ Ø¹Ù„Ø§Ø´ Ù…ÙŠØ±Ø¨Ø­ÙˆØ´ Ø¨Ø§Ù„Ø¹ÙƒØ³ Ø±Ø§Ù‡Ùˆ ÙˆØ¹Ù†Ø¯Ù†Ø§ Ø´ÙƒÙˆÙ† Ø±Ø¨Ø­,positive
322 534 611 663 413 511526 221 616 441 536 254 242 621 461 146 553 346 111 354 156 566 524 362 322 221 142 254 336 641,positive
ÙŠØ§ Ø®ÙŠ ÙƒÙŠÙÙ†Ø§Ù‡ Ù†Ø¹Ø±Ù Ø§Ù„points cadeaux Ù…ØªØ§Ø¹ÙŠ ØŒ Ùˆ Ø´Ù†Ùˆ Ø§Ù†Ø¬Ù… Ù†Ø´Ø±ÙŠ Ø¨ÙŠÙ‡Ù… ØŸ,positive
ÙŠØ§ Ø§ÙˆØ±Ù†Ø¬ Ø¨Ø¹Ø«ØªÙˆÙ„ÙŠ ÙƒØ±ÙŠØ¯ÙŠ Ù…Ù† ØºÙŠØ± Ù…Ø§ Ø·Ù„Ø¨ØªÙˆ ÙˆÙ„ÙŠØª Ù†ØµØ¨ 5dÙˆØ§Ù†ØªÙ… ØªÙ†Ø­Ùˆ Ù…Ù†Ù‡Ù… Ù…Ø±ØªÙŠÙ† 1740Ù…Ø´ÙŠØª Ù„Ù„Ø³Ø±ÙÙŠØ³ Ù…ØªØ§Ø¹ÙƒÙ… Ø¨Ø§Ø´ Ù†Ø¯Ø³ÙƒØªÙŠÙÙŠÙ‡Ø§ Ø§Ù„Ø­ÙƒØ§ÙŠØ© ÙŠØ®ÙŠ Ø¨Ù‚Ø§ Ø§Ù„Ø­Ø§Ù„ Ø¹Ù„Ù‰ Ù…Ø§Ù‡Ùˆ Ø¹Ù„ÙŠÙ‡ ØªØ¹Ù…Ù„Ùˆ Ù…Ø²ÙŠØ© Ø´ÙˆÙÙˆÙ„ÙŠ Ø­Ù„ Ø§Ù…Ø§ ÙƒØ§Ù†Ø´ Ø®Ù†Ø´ÙˆÙ Ø¨ÙŠØ³ Ø§Ø®Ø±Ù‰ ÙˆÙ…Ø®ÙŠ Ø±Ø§ÙŠØ¶,positive
ÙŠØ§ Ø®ÙŠ ÙƒÙŠÙÙ†Ø§Ù‡ Ù†Ø¹Ø±Ù Ø§Ù„points cadeaux Ù…ØªØ§Ø¹ÙŠ ØŒ Ùˆ Ø´Ù†Ùˆ Ø§Ù†Ø¬Ù… Ù†Ø´Ø±ÙŠ Ø¨ÙŠÙ‡Ù… ØŸ,positive
ÙŠØ§ Ø®ÙŠ ÙƒÙŠÙÙ†Ø§Ù‡ Ù†Ø¹Ø±Ù Ø§Ù„points cadeaux Ù…ØªØ§Ø¹ÙŠ ØŒ Ùˆ Ø´Ù†Ùˆ Ø§Ù†Ø¬Ù… Ù†Ø´Ø±ÙŠ Ø¨ÙŠÙ‡Ù… ØŸ,positive
"la bonanÃ© la chay
7assnou fel service mte3kom
el debit mte3i dima 2mb alors que ena 4mb",positive
"ÙƒÙŠÙØ§Ù‡ Ù†Ø¨Ø¯Ù„ Ù„Ù„ÙÙˆØ±ÙØ§ÙŠ Ù…ØªØ§Ø¹ "" ØªØ³ØªÙ‡Ù„Ùƒ 5000 Ø§Ù†ØªØ±Ù†Ø§Øª ØªØ¬ÙŠÙƒ 5000 Ù…ÙƒØ§Ù„Ù…Ø§Øª "" 
Ø§Ù† Ø´Ø§Ø¡ Ø§Ù„Ù„Ù‡ Ø¹Ø§Ù…ÙƒÙ… Ù…Ø¨Ø±ÙˆÙƒ",positive
hram alikomm raww chlhalaa nsobb cnxx taa nharr to9eedlii see3tyyyn o manghyyrr le vidÃ©o le chayyy ğŸ˜’ğŸ˜’ hramm wlhh,positive
je regrette de vs avoir comme fournisseur adsl Ã§a fait un mois que je fais des rÃ©clamations mais rien Ã  faire. on me dirige vers le 31111150 qui ne rÃ©pond jamais.,positive
slm 3laykom ena awel mara nod5ol l page orange speciallement 5ater yaser kathroulha b ser9a alah la tberkelkom w bch nbadel pus yezi,positive
birasmi orange yesire sere9a tsobe bdinare finharine lbonuse m3adeche tal9ahome telekome we ooredoo 5ire bsara7a,positive
Ø§ÙˆØ±Ù†Ø¬ Ø´Ø¨ÙŠÙƒÙ… ØµØ¨ÙŠØª 12Ø¯ÙŠÙ†Ø§Ø± Ø¨Ø§Ø´ Ù†Ø¹Ø¯ÙŠ ÙƒÙˆÙ†ÙƒØ³ÙŠÙˆÙ† Ù†Ø­ÙŠØªÙˆÙ„ÙŠ 25 ÙØ±Ù†Ùƒ Ø¹Ù„Ø§Ù‡ !,positive
Ø³Ù„Ø§Ù… Ø§ÙˆØ±ÙˆÙ†Ø¬ Ø¹Ù†Ø¯ÙƒÙ… Ø¨ÙˆØ§Ù†Ø§Øª ÙƒÙŠÙ…Ø§ ØªÙŠÙ„ÙŠÙƒÙˆÙ… ÙˆÙ„Ø§,positive
aaslema orange aaleh rÃ©seau dima y9os hata fi boq3a fyha rÃ©seau ! ?,positive
chbikom kif 9oltlkom sbeitla mafihech reseau orange majawebtonich?,positive
salem billehi ena insob 5000 fisah touf fahmouni alech merci,positive
brabi kifech nchouf 9addech 3andi points ğŸ¤”ğŸ¤”,positive
salam orange na7ab na3raf point cadeaux,positive
3aredh connecti ki nosb dinar 9adech to93od lcnx ela tjini ?,positive
slm orange bech neshlkom 3amlin convention m3a de5iliya,positive
belehi la3at teser9ouni rani zaweli,positive
slm orange ena mkardi 3400 najem ne9lebkom ?,positive
ÙŠØ§ Ø®ÙŠ Ø«Ù… ÙÙˆÙˆØ±ÙÙŠ Ø§Ù†ØªØ±Ù†Ø§Øª Ù„Ù…Ø¯ 2Ø³,positive
Ø§Ù‡Ù„ Ø¤Ø±ÙˆÙ†Ø¬ Ù†Ø´Ø§Ù„Ù„Ù‡ Ø¹Ø§Ù…ÙƒÙ… Ù…Ø¨Ø±ÙˆÙƒ,positive
Ø´ÙÙ…Ø§ ØºØ¯ÙˆØ© ØŸ ğŸ˜‚ğŸ˜‚,positive
pourquoi le crÃ©dit orange Ã  l'offre postpayÃ© mix 30 et non le solde de recharge a des usages limitÃ©s soit on ne peut pas se servir pour renouveler le transfert internet ou abonnement icflix ou mÃªme achat d'options au jeu yo de super tounsi ?,positive
la ras 3em le chey hetha 3id kofar belehi tgoulili  chouftouch nhar wa7ed ihoudi sayem ramthan wela mtha7i fi 3id 7ni l3arab ken etebe3 figou figou w rabi yehdi ljemi3 kol chey houwa houwa metbedel chey haya rabi m3akom fi hel 3agliya emes m9at3in zgougou w djej w lyom te7teflou b 3em fih nogs min la3mar,positive
Ø£Ù†Ø§ Ø´Ø®ØµÙŠØ§ Ù…Ù†ÙŠØ´ Ø¨Ø§Ø´ Ù†Ø­ØªÙÙ„ Ø¹Ù„Ù‰ Ø®Ø§ØªØ± Ù…Ø§Ù‡ÙŠØ´ Ø¹ÙŠØ¯Ù†Ø§ . Ùˆ Ø²ÙŠØ¯ Ø£Ø­Ù†Ø§ Ø¹Ù†Ø¯Ù†Ø§ Ø£Ø³Ø¨ÙˆØ¹ÙŠÙ† Ù…Ù„ÙŠ Ø¹Ù…Ù„Ù†Ø§ Ù…Ø¸Ø§Ù‡Ø±Ø§Øª Ù…Ø¹ ÙÙ„Ø³Ø·ÙŠÙ† Ø¥Ù†Ø¬Ùˆ Ø§Ù„ÙŠÙˆÙ… Ù†Ø­ØªÙÙ„ÙˆØ§ Ù…Ù„Ø§ Ù…Ù†Ø§ÙÙ‚ÙŠÙ† . Ø§Ù„Ù„Ù‡ ÙŠÙ‡Ø¯ÙŠÙ†Ø§,positive
Ø´ÙƒØ±Ø§ Ø§Ø®ÙŠ Ù…Ø­Ù…Ø¯ Ù„Ø§Ù‡ØªÙ…Ø§Ù…Ùƒ Ø¨ØªØ¹Ø§Ù„ÙŠÙ‚ÙŠ ÙˆØ§Ù† Ø´Ø§Ø¡ Ø§Ù„Ù„Ù‡ ØªÙ†Ø§Ù„ Ø±Ø¶Ø§ Ø§Ù„Ø¬Ù…ÙŠØ¹ . Ù„Ùƒ Ù…Ù†ÙŠ Ø§Ø³Ù…Ù‰ Ø¹Ø¨Ø§Ø±Ø§Øª Ø§Ù„Ø´ÙƒØ± . ÙˆÙƒÙ„ Ø¹Ø§Ù… ÙˆØ§Ù†Øª Ø¨Ø®ÙŠØ± .,positive
ÙŠØ§Ø®ÙŠ ÙƒØ§Ø§Ù† Ø£Ù†Ø§ Ù…ÙƒØ¨Ø´Ù‡ ÙØ§Ù„Ø¹Ø§Ù… Ù‡Ø°Ø§ !ØŸ ğŸ˜‚ Ù†Ø¹Ø±ÙØ´ Ø¹Ù„Ø§Ø´ Ø²Ø§Ø¯Ø§ ğŸ˜’ğŸ’” Ø´ÙÙ…Ø§Ø§ ÙŠØ§Ø®ÙŠ Ø§Ù„ÙŠÙˆÙ… ØŸ ğŸ˜ğŸ˜,positive
demain betbi3a bataniya club avec ma femme et ma petite princesse aicha,positive
"ØªØ³Ù…Ø¹ ÙƒØ§Ù† Ø¨Ø´ Ù†Ø³ÙƒØ± ØªÙ‚ÙˆÙ„ Ù…Ø³ÙƒØ±ÙˆØ´ ÙƒÙ„ ÙŠÙˆÙ… Ù…ÙÙ‡Ù…ØªØ´ Ø§Ù†Ø§ magon ØªÙˆÙ„ÙŠ vodka!! 
..Ø§ÙŠ Ù†Ø³ÙŠØª Ø¨Ø±Ù†Ø§Ù…Ø¬ÙŠ ØºØ¯ÙˆØ© Ø´Ù†ÙŠØ©! ..Ø²ÙˆØ² magon  ğŸ˜",positive
"nkhamem bch n3mel doura men blasa l blasa , men sala l koujina lil bit ..<3",positive
rÃ©veillon avec le famille f dar nchl sahriya nchl tahfouna na3mloha thamach mantfarahdo chwy w na3mlo jaw hhhh,positive
bech injib walid il tounsi il darna w na93ad fi dar netfarej 3alih,positive
re9da,positive
fi dar,positive
Ø¹Ù†Ø¯ÙŠ Ø³ÙŠÙ…ÙŠÙ†Ø§Ø§Øº Ù Ù„ Ø­Ù…Ø§Ù…Ø§Ø§Øª...,positive
Ø±Ø§Ø³ Ø§Ù„Ø¹Ø§Ù… Ø§Ù„Ù„ÙŠ ØªØ­ÙƒÙˆ Ø¹Ù„ÙŠÙ‡ . Ù…Ù„ÙŠ Ø®Ù„Ù‚Ù†ÙŠ Ø±Ø¨ÙŠ  Ù…Ø§ Ù†Ø¹Ø±ÙÙ„ÙˆØ´  ÙƒÙˆØ¹ Ù…Ù† Ø¨ÙˆØ¹ .,positive
,positive
Ø¨Ø§Ø´ Ù†Ø§ÙƒÙ„ Ø´Ø·Ø± Ø®Ø¨Ø²Ø© Ø§Ù„Ù‚Ø·Ùˆ Ø§Ù„ÙŠ Ø´Ø±ÙŠØªÙ‡Ø§ Ùˆ Ù†Ø±Ù‚Ø¯,positive
net3acha w nekel gÃ¢teau w nor9od ğŸ˜´ğŸ˜´ğŸ˜´,positive
raged,positive
,positive
liverpool vs manchester city,positive
liverpool vs leicester city i am fan of leicester's club and am waitin' maguire to score both haha :-*,positive
,positive
liverpool,positive
liverpoooooooooool,positive
2018,positive
Ù„Ø¨Ù†Ù†,positive
tfarajet 3la matech liverpol :-)welester  mohamad sala7,positive
liveerpool,positive
liverpool vs leicester city,positive
"slt
7abit nab3eth solde li num e5er ktabet *116*num*solde*0000# ma7abich yet3ada chouf chnouwa ktabli",positive
blhy 3lech ma tzidouch el hiwar tounsi fi mtv orange ??,positive
tbi3ou facilitÃ© 9alouli oronge tbiii3 ?!!!!,positive
ÙƒÙŠÙØ§Ø´ Ù†Ø¬ÙŠ Ø§ÙˆÙ†Ø¬ Ø´Ù†ÙŠØ§ Ù…Ø´ Ù†Ù‚ÙˆÙ„Ù„Ù‡Ø§,positive
slm cv brabi matbi3ech orange belfacilite,positive
les rÃ¨gles de participer au jeux merci,positive
"prix iphone 5s 
w iphone 6 svp",positive
9adech dof3a 1,positive
kifh naaml bach nichri tlf ( bl point ??),positive
kifeh ta3ref l poine blhi,positive
merci orange pour le tÃ¨lÃ¨phone <3 <3,positive
prix svpğŸ’•ğŸ’•,positive
prix svp ğŸ’“,positive
prix stp,positive
prix,positive
"bonsoir svp votre boutique orange av tayeb hachicha msaken c,est officiel ou une copie car j'ai achetÃ© un smartphone j3 samsung  n,est pas original",positive
Ù†Ø¬ÙŠØ¨ Ù…Ø¹Ø§ÙŠØ§ Ù…ÙØ§ØªØ­ Ø¯Ø§Ø±Ù†Ø§ØŸ ğŸ˜‚,positive
oÃ¹ le boutik orange et le prix de cette tÃ©lÃ©phone please,positive
dezzou fazetkom w ykoun cadeau lel 3am ejdid ? :p why not ? <3,positive
"Ù„Ù„Ø§Ø¹Ù„Ø§Ù† (Ø¹Ù‚Ø§Ø±ÙŠ ØŒ Ø´Ø±ÙƒØ§Øª ØŒ Ø³ÙŠØ§Ø±Ø§Øª ØŒ Ø§Ø¬Ù‡Ø²Ø© ØŒ Ø§Ø«Ø§Ø« Ù…Ø³ØªØ¹Ù…Ù„ ØŒ Ø¯Ø¹Ù… ØŒ ÙˆØ§Ø¹Ù„Ø§Ù†Ø§Øª Ø§Ø®Ø±Ù‰ )
 ip usa 
 #adesignmedia a la une : 24/12/2017 #seo: write at least one #tweet per day because twittter's own is the real-time which makes the tweet ephemeral. seo tips for your #twitter referencing . the accounts of influential #bloggers: interpellate them by retweeting them often. #google #bing @adesignmedia",positive
"Ø­Ø±Øª ÙˆØ­Ø§Ø± Ø¯Ù„ÙŠÙ„ÙŠ Ø¨ÙŠÙ† 2017 Ùˆ 2018 Ø§Ø­Ù†Ø§ 
Ù…Ø§Ø´ÙŠÙ† Ù…Ø§Ø´ÙŠÙ† Ø¨ÙŠÙ† ØµØ®ÙˆØ±Ø§ Ùˆ Ø¬Ø¨ÙˆÙ„Ø§ 
Ù…Ø§ Ø´ÙŠÙ† Ø¨ÙŠÙ† Ø±Ø¨ÙŠØ¹ ÙˆØ´ØªØ§Ø¡ 
Ù‚Ø§Ù„ÙˆÙ„ÙŠ Ø§Ø­ÙƒÙŠ Ù‚Ù„Øª Ø§Ø´ Ù†Ø­ÙƒÙŠ Ø¹Ù„ÙŠ Ø¹Ø§Ù… Ù…Ø§Ø´ÙŠ Ù‡Ø§Ø±Ø¨ Ù…Ù† Ø­Ø§Ø¶Ø± ÙˆØ¨Ø§Ø´ ÙŠÙˆÙ„ÙŠ Ù…Ø§Ø¶ÙŠ 
ØµØ­ÙŠØ­ Ø¹Ø§Ù… ÙƒØ§Ù† Ù‡Ùƒ Ù‡Ùƒ 
Ù„Ø§ Ù‡Ùˆ Ø¨Ø§Ù‡ÙŠ Ù„Ø§ Ù‡Ùˆ Ø®Ø§ÙŠØ¨ Ø¯ÙŠÙ…Ø§ Ù†Ù‚ÙˆÙ„ÙˆØ§ Ø­Ù…Ø¯ Ø§Ù„Ù„Ù‡ 
Ù„ÙƒÙ†ÙˆØ§ Ø¹Ø§Ù… ØªØ¹Ø¯Ù‰ Ù…Ù† Ø¹Ù…Ø±Ù‰ Ø¨Ø¹Ø¯ Ø«Ù„Ø§Ø«Ø© Ø§ÙŠØ§Ù… ÙŠÙˆÙ„ÙŠ Ø°ÙƒØ±Ù‰ Ù…Ù† Ø¹Ù…Ø±ÙŠ ÙˆØ¬Ø§ÙŠ Ø¹Ø§Ù… Ù‡Ùˆ Ù…Ø³ØªÙ‚Ø¨Ù„ ÙˆØ­Ø§Ø¶Ø± Ø´Ù†ÙˆØµÙÙˆØ§ Ø¨Ù…Ø¹Ø²Ø© Ù†Ø¨Ù†ÙŠ ÙÙŠÙ‡ Ø£Ø­Ù„Ø§Ù… ÙˆØ£Ù…Ù„ Ù„ÙƒÙ† Ø¨Ø¹Ø¯ 12 Ø´Ù‡Ø± Ù†Ø±Ø¬Ø¹ ÙˆÙ†ØªÙÙƒØ±ÙˆØ§ ÙˆÙ†ÙˆØ¯Ø¹Ùˆ Ø¨Ù…Ø¹Ø²Ø© 
ÙƒÙ„ Ø¹Ø§Ù… Ù†Ø²ÙŠØ¯Ùˆ ÙÙŠÙ‡ Ø±Ù‚Ù… Ø¹Ø¯Ø¯ Ù†Ø²ÙŠØ¯Ùˆ ÙÙŠÙ‡ Ø§Ø­Ø³Ø§Ø³  Ø¬Ø¯ÙŠØ¯ Ø­Ù„Ù…Ø§ Ø­Ù„ÙˆØ© Ø¨Ø¯ÙŠÙ†Ø§Ù‡Ø§ ÙÙŠ Ø¹Ø§Ù… Ù…Ù† Ø§Ù„Ø£Ø¹ÙˆØ§Ù… ÙƒØ§Ù†Øª Ø­Ø§Ø¶Ø± ÙˆØ§Ù„ÙŠÙˆÙ… Ù…Ø§Ø¶ÙŠ 
ÙˆØ§Ù„Ø­Ø§Ø¶Ø± ÙˆØ§Ù„Ù…Ø§Ø¶ÙŠ Ù‚ØµØ© Ø°ÙƒØ±ÙŠØ§ØªÙŠ Ù…Ø¨Ù†ÙŠØ© Ø¹Ù„Ù‰ Ø£Ù…Ù„ Ø­Ù„Ùˆ ÙŠÙ„ÙˆØ¬ Ø¹Ù„Ù‰ Ø·Ø±ÙŠÙ‚ Ù„Ø§Ø­Ù„Ø§Ù…Ùˆ Ø¨Ø§Ø´ ØªÙˆÙ„ÙŠ Ù…Ø³ØªÙ‚Ø¨Ù„ Ø¬Ù…ÙŠÙ„.",positive
"Ù…Ø±Ø¶ Ø§Ù„Ù‡ÙˆÙ‰ Ù‚-Ø§ØªÙ„Ù†ÙŠ ÙˆØ§Ø´ Ø§Ø¯Ø§ÙˆÙŠÙ†ÙŠ ÙˆØ§Ø´ Ø§Ø¯Ø§ÙˆÙŠÙ†ÙŠ ÙƒØ±Ù‡ØªÙˆÙ†ÙŠ ÙÙŠ Ø­ÙŠØ§ØªÙŠ ÙƒØ§Ù† Ø§Ù„ÙƒØ°Ø¨ ÙÙŠ Ø¨Ø§Ù„ÙƒÙ… 2018 Ø¨Ø§Ù‡ÙŠØ© Ù…Ø§ÙŠ ØªØªØ¹Ø¯Ø¯Ù‰ ÙƒÙ„Ù„ÙŠ ÙØ§ØªÙˆ Ø§ÙŠØ¹ØªÙŠÙƒÙ… Ø¨Ø¹Ø²Ù‰  ÙˆØ§Ø´ ØªÙÙ„Ù…ÙˆØ§ 
Ù…Ø±Ø¶ Ø§Ù„Ù‡ÙˆÙ‰ Ù‚Ø§ØªÙ„Ù†ÙŠ ÙÙŠ 2018 Ù†ØªÙ…Ù†Ù‰ ØªÙˆÙÙ‰ Ø­ÙŠØ§ØªÙŠ Ø¨Ø±ÙˆØ§ Ø¨Ø±ÙˆØ§ Ø²Ù…Ø±ÙˆÙˆÙˆÙˆØ§ Ù…Ø§Ø¹ÙŠÙ†ÙŠ ÙÙŠ ØªÙ„ÙŠÙÙˆÙ†ÙƒÙ… Ø¹Ø§Ø±ÙÙƒÙ… ØªÙÙ„Ù…ÙˆØ§ Ø¯Ø§Ø²Ø²ÙŠÙ† ÙÙŠÙ‡Ø§ Ø®Ø±Ø§Ø¯ÙŠÙ‚ ÙˆØ§Ù†ØªÙ… Ø­ØªÙ‰ Ø§Ù„Ø±Ø­Ù…Ø© Ù…Ø§ØªØ¹Ø±ÙÙˆÙ‡Ø§Ø´ Ø¨ 2018 ØªÙˆ ØªØ±Ø­Ù…ÙˆØ§ Ù…Ø§Ù„Ø§ Ù‡Ø§Ùˆ Ù Ø¨Ø§Ù„ÙŠ Ø¨Ù„Ù„ÙŠ Ø§Ù†ØªÙ… Ø¨Ø§Ù‡ÙŠÙ† ÙˆØ§Ù„Ù„Ù‡ ÙƒÙ†Ù‚Ù„Ø¨ Ø¬Ø¯ Ø§Ù…Ù‡Ø§ ØªÙˆÙ„Ù„ÙŠ 8102 Ù„Ø§ÙƒÙ… Ø¹Ø§Ø·ÙŠÙ†ÙˆØ§ ØªÙ„ÙŠÙÙˆÙ†",positive
"Ø­Ø±Øª ÙˆØ­Ø§Ø± Ø¯Ù„ÙŠÙ„ÙŠ Ø¨ÙŠÙ† 2017 Ùˆ 2018 Ø§Ø­Ù†Ø§ 
Ù…Ø§Ø´ÙŠÙ† Ù…Ø§Ø´ÙŠÙ† Ø¨ÙŠÙ† ØµØ®ÙˆØ±Ø§ Ùˆ Ø¬Ø¨ÙˆÙ„Ø§ 
Ù…Ø§ Ø´ÙŠÙ† Ø¨ÙŠÙ† Ø±Ø¨ÙŠØ¹ ÙˆØ´ØªØ§Ø¡ 
Ù‚Ø§Ù„ÙˆÙ„ÙŠ Ø§Ø­ÙƒÙŠ Ù‚Ù„Øª Ø§Ø´ Ù†Ø­ÙƒÙŠ Ø¹Ù„ÙŠ Ø¹Ø§Ù… Ù…Ø§Ø´ÙŠ Ù‡Ø§Ø±Ø¨ Ù…Ù† Ø­Ø§Ø¶Ø± ÙˆØ¨Ø§Ø´ ÙŠÙˆÙ„ÙŠ Ù…Ø§Ø¶ÙŠ 
ØµØ­ÙŠØ­ Ø¹Ø§Ù… ÙƒØ§Ù† Ù‡Ùƒ Ù‡Ùƒ 
Ù„Ø§ Ù‡Ùˆ Ø¨Ø§Ù‡ÙŠ Ù„Ø§ Ù‡Ùˆ Ø®Ø§ÙŠØ¨ Ø¯ÙŠÙ…Ø§ Ù†Ù‚ÙˆÙ„ÙˆØ§ Ø­Ù…Ø¯ Ø§Ù„Ù„Ù‡ 
Ù„ÙƒÙ†ÙˆØ§ Ø¹Ø§Ù… ØªØ¹Ø¯Ù‰ Ù…Ù† Ø¹Ù…Ø±Ù‰ Ø¨Ø¹Ø¯ Ø«Ù„Ø§Ø«Ø© Ø§ÙŠØ§Ù… ÙŠÙˆÙ„ÙŠ Ø°ÙƒØ±Ù‰ Ù…Ù† Ø¹Ù…Ø±ÙŠ ÙˆØ¬Ø§ÙŠ Ø¹Ø§Ù… Ù‡Ùˆ Ù…Ø³ØªÙ‚Ø¨Ù„ ÙˆØ­Ø§Ø¶Ø± Ø´Ù†ÙˆØµÙÙˆØ§ Ø¨Ù…Ø¹Ø²Ø© Ù†Ø¨Ù†ÙŠ ÙÙŠÙ‡ Ø£Ø­Ù„Ø§Ù… ÙˆØ£Ù…Ù„ Ù„ÙƒÙ† Ø¨Ø¹Ø¯ 12 Ø´Ù‡Ø± Ù†Ø±Ø¬Ø¹ ÙˆÙ†ØªÙÙƒØ±ÙˆØ§ ÙˆÙ†ÙˆØ¯Ø¹Ùˆ Ø¨Ù…Ø¹Ø²Ø© 
ÙƒÙ„ Ø¹Ø§Ù… Ù†Ø²ÙŠØ¯Ùˆ ÙÙŠÙ‡ Ø±Ù‚Ù… Ø¹Ø¯Ø¯ Ù†Ø²ÙŠØ¯Ùˆ ÙÙŠÙ‡ Ø§Ø­Ø³Ø§Ø³  Ø¬Ø¯ÙŠØ¯ Ø­Ù„Ù…Ø§ Ø­Ù„ÙˆØ© Ø¨Ø¯ÙŠÙ†Ø§Ù‡Ø§ ÙÙŠ Ø¹Ø§Ù… Ù…Ù† Ø§Ù„Ø£Ø¹ÙˆØ§Ù… ÙƒØ§Ù†Øª Ø­Ø§Ø¶Ø± ÙˆØ§Ù„ÙŠÙˆÙ… Ù…Ø§Ø¶ÙŠ 
ÙˆØ§Ù„Ø­Ø§Ø¶Ø± ÙˆØ§Ù„Ù…Ø§Ø¶ÙŠ Ù‚ØµØ© Ø°ÙƒØ±ÙŠØ§ØªÙŠ Ù…Ø¨Ù†ÙŠØ© Ø¹Ù„Ù‰ Ø£Ù…Ù„ Ø­Ù„Ùˆ ÙŠÙ„ÙˆØ¬ Ø¹Ù„Ù‰ Ø·Ø±ÙŠÙ‚ Ù„Ø§Ø­Ù„Ø§Ù…Ùˆ Ø¨Ø§Ø´ ØªÙˆÙ„ÙŠ Ù…Ø³ØªÙ‚Ø¨Ù„ Ø¬Ù…ÙŠÙ„.",positive
blhi ya orange est ce que enajem na5tar numero nbda na7ki m3h gratuit,positive
Ø§Ù†Ø¬Ù… Ù†Ø§Ø®Ø° ØªÙ„ÙÙˆÙ† Ø¨Ø§Ù„ØªÙ‚ØµÙŠØ· ÙˆØ§Ù„Ø¶Ù…Ø§Ù† Ø¨Ø·Ø§Ù‚Ø© Ø§Ù„ØªØ¹Ø±ÙŠÙ ÙˆØ§Ù„Ø§ Ø¹Ù† Ø·Ø±ÙŠÙ‚ Ø§Ù„Ø¨Ù„Ø¯ÙŠØ© ØŸØŸ Ø§Ø±Ø¬Ùˆ Ø§Ù„Ø±Ø¯ ÙÙˆØ±Ø§,positive
6 go injectÃ© chaque mois pendant 12 mois yetsabo automatiquement walla yelzem netahlek flous bach na5'o bonus,positive
"orange
Ø¹Ù†Ø¯ÙŠ Ø®Ø· ÙƒØ±Ù‡ØªÙˆÙ†ÙŠ ÙÙŠÙ‡ Ùˆ ÙÙŠ Ø§ÙˆØ±Ù†Ø¬ Ùˆ Ø¨Ø§Ø´ Ù†Ø¨Ø¯Ù„ Ù…Ù†ÙƒÙ….
ÙÙŠ Ù†ØµÙ Ø³Ø§Ø¹Ø© Ù‚ØµÙŠØª Ø§Ù†ØªØ±Ù†Ø§Øª Ù„Ø­Ø¸Ø§Øª Ùˆ Ø¯ÙˆÙ† Ø§Ù† Ø§Ø³ØªØªÙ…Ù„ Ø§Ù„Ø§Ù†ØªØ±Ù†Ø§Øª Ø¬Ø§Ù†ÙŠ Ù…Ø³Ø§Ø¬ Ø§Ù„Ù„ÙŠ Ù…ÙŠØºØ§ÙˆØ§Øª ÙƒÙ…Ù„ÙˆØ§.
Ùˆ Ø¯ÙŠÙ…Ø§ ØªØ­ØµÙ„ÙŠ , Ø§ØªØµÙ„Øª Ù…Ø±Ø§Ø±Ø§ Ø¨Ø§Ù„ 1150 Ùˆ ÙŠÙˆØ¹Ø¯ÙˆÙ†ÙŠ Ø¨Ø§Ø´ ØªØªØµÙ„Ø­ Ø¯ÙˆÙ† Ø¬Ø¯ÙˆÙ‰.
Ø­ØªÙ‰ 6go
Ø´ÙƒÙˆÙ† ÙŠØ¶Ù…Ù†Ù„ÙŠ Ù…Ø§ ØªÙ‚ØµÙˆÙ‡Ø§Ù„ÙŠØ´ ÙÙŠ Ø§Ø³Ø¨ÙˆØ¹ Ùˆ ØªÙ‚Ù„ÙŠ ÙˆÙØª!!!!",positive
Ø¹Ù†Ø¯ÙŠ Ø±Ù‚Ù… Ø§ÙˆØ±Ù†Ø¬ Ù†ØµØ¨ ÙÙŠÙ‡ ÙÙ„ÙˆØ³ Ø¯ÙŠÙ…Ø§ ØªØªÙ†Ø­ÙŠ ÙˆÙ†ØµØ¨ ÙƒØ§Ø±Ø·Ø© Ø®Ù…Ø³Ø© ØªØ¬ÙŠÙ†ÙŠ Ø®Ù…Ø³Ø© Ø¨ÙˆÙ†ÙŠØ³ ÙˆÙÙŠØ³Ø¹ ÙŠÙ†Ø­ÙˆÙ‡Ø§ Ø´Ù†Ùˆ Ø­Ù„,positive
slm brabi ana m3dya forfait.orange w.rigelt.paramÃ©tre mais ma7betch timchi internet fi talifouni kifech n3mel brabi,positive
ØªØ­ÙŠØ§ØªÙŠ Ø§Ù„ÙŠ orange Ø¬ÙŠØ¨ÙˆÙ†Ø§ Ø§Ù„Ø¬Ø¯ÙŠØ¯ ÙˆØ¹Ø·ÙŠÙˆÙ†Ø§ Ø§Ù„Ø§Ù†ØªØ±Ù†Ø§Øª Ø¨Ù„Ø§Ø´ ÙÙŠ Ø§Ù„Ø¹Ø§Ù… Ø§Ù„Ø¬Ø¯ÙŠØ¯  .Ù†ØµØ¨ ÙƒØ±Ø·Ø§Ù‡ Ø¨ÙŠ  Ø®Ù…Ø³ Ù„Ø§Ù ØªØªÙ†Ø­Ù‡ ÙÙŠ Ù„Ø­Ø¸ Ù…ØºÙŠØ± Ù…Ù†Ù‚Øµ Ø¨ÙŠÙ‡Ø§ Ø§Ù„Ø£Ù†ØªØ±Ù†Ø§Øª  Ø¹Ù„Ø§Ø´ Ø¨Ø±Ø¨ÙŠ     ÙˆØ´ÙƒØ±Ù†,positive
orange j ai achetÃ© un forfait internet 700 mÃ©ga 3000 dt ont Ã©tÃ© dÃ©bitÃ© de mon solde sans avoir internet,positive
orange 3amlouna mise Ã  jour lel jeu super tounsi mazel bloquÃ© niveau 4 mayethalach,positive
ana 3andi airbox bil fatour jim3a w9aset mnha lfloss 10   gg mala,positive
ÙÙ…Ø§Ø´ Ø¨Ø±ÙˆÙ…ÙˆØ§ ÙÙŠ Ø§Ù„Ø³Ù…Ø³ÙˆÙ†Øº,positive
belehi fahmouni hkeyet elpack chnawa hethi,positive
nheb ne5ou telf bil faciletÃ© chnowa fama des ofres,positive
kifch,positive
Ø¨Ø±Ø¨ÙŠ music blayt Ù†Ø­Ø¨ Ù†Ù„ØºØ§Ù‡Ø§ ÙƒÙŠÙØ§Ø´ Ø±Ø§Ù†ÙŠ ÙƒØ±Ù‡Øª Ø§Ù„Ø®Ø· Ù…Ù† Ø¬Ø±ØªÙ‡Ø§,positive
kifech nechri tÃ©lÃ©phone procÃ©dure,positive
slm brabi nheb na5ou telf bil facilite chnawa lazem,positive
chno kayn f riseu wifi mbghach ykhdm???,positive
bech nab3dh solde min tel l tel a5er brabi chnoi l code,positive
ninja7 fi 9rayti wm3aha talifone mo3tabar,positive
nerba7 7aja men 3and oronge kima taliphone,positive
talifouni tkasir  nitmana yjini talifoun akhir sayha,positive
nsob dinar  ou matna7iwlichi menou 200 frank ...,positive
Ø§Ù„Ø´ÙØ§Ø¡ ï»·Ù…ÙŠ,positive
natmana enjib bÃ¨bÃ¨,positive
Ù†ØªÙ…Ù†Ø§ ØªØ¨Ø¹Ø¯ÙˆÙ†ÙŠ Ù„Ù„Ù‡ ÙÙŠ Ø³Ø¨ÙŠÙ„ Ø§Ù„Ù„Ù‡ Ùˆ Ù†Ù‚ØµÙˆØ§ Ù…Ù† Ø§Ù„Ù…Ø³Ø§Ø¬Ø§Øª Ø±Ø§Ù†ÙŠ ÙƒØ±Ù‡ØªÙƒÙ… ÙƒÙ„ Ù…Ø±Ø© ÙŠØ¬ÙŠ Ù…ÙŠØ³Ø§Ø¬ Ù†ÙØ±Ø­ Ù†Ù‚ÙˆÙ„ Ù…Ù† Ø­Ø¯ Ø¹Ø²ÙŠØ² Ø¹Ù„ÙŠÙ‡ Ù†Ù„Ù‚Ø§Ù‡  Ø£ÙˆØ±ÙŠØ¯ÙˆØ§ ÙˆØ¥Ù„Ø§ Ø£ÙˆØ±Ù†Ø¬ Ùˆ Ø¥Ù„Ø§ ØªÙŠÙ„ÙŠÙƒÙˆÙ… Ø§Ù„ØµØ¨Ø± Ùˆ Ø¨Ø±Ù‘,positive
Ùˆ Ø§Ù†Øª orange Ø´ÙŠÙ‡Ù…Ùƒ ÙÙŠØ§ ØŸØŸ Ø¨Ø´ ØªØ­Ù‚Ù‚Ù‡Ù…Ù„ÙŠ Ø§Ù†Øª ğŸ˜ğŸ˜ ØªÙŠ Ø§Ù†ØªÙˆÙ…Ø§ ÙÙ„ÙˆØ³Ù†Ø§ ØªØ³Ø±Ù‚ÙˆØ§ ÙÙŠÙ‡Ù… ...,positive
"Ù†ØªÙ…Ù†Ù‰ ØªÙ†Ù‚ØµÙˆØ§ Ù…Ø§Ù„Ù…ÙŠØ³Ø§Ø¬Ø§Ø§Ø§Øª ÙŠØ±Ø­Ù… ÙˆØ§Ù„Ø¯ÙŠÙƒÙ… Ø±Ø§ÙƒÙ… ØªØ¹Ø¨ØªÙˆÙ†ÙŠ Ø§Ù†Ø§ Ø´Ø§ÙŠØ­Ø© Ø¹Ø§Ø·ÙÙŠØ§Ø§Ø§ ÙˆÙŠÙ† ÙŠØ¬ÙŠÙ†ÙŠ Ù…ÙŠØ³Ø§Ø§Ø§Ø¬ Ù†ÙØ±Ø­ Ù†Ø­Ù„Ùˆ Ù†Ù„Ù‚Ø§Ù‡Ø§ Ø§ÙˆØ±Ù†Ø¬ ğŸ˜’ğŸ˜¢ ÙˆØ­Ø§Ø¬Ø© Ø§Ø®Ø±Ø© Ù†Ù‚ØµÙˆØ§ Ù…Ø³Ø±Ù‚Ø© Ø¹ÙŠØ¨.. Ù„Ø§ ØªÙ‡Ù†Ø§Ø§Ùˆ Ù†ØªÙˆÙ…Ø§ Ø±Ø¨ÙŠ Ù…ØªØ­Ù„Ù ÙÙŠÙƒÙ… 
âœŒğŸ˜’ğŸ˜‚",positive
Ø§Ù†Ø§ Ù‡Ø°Ø§ÙŠØ§ ÙƒÙ„ Ù…ÙŠØ¹Ù†ÙŠÙ†ÙŠØ´ Ù‡ÙˆÙ…Ø§ Ø§ØµØ­ÙŠØ­ ÙƒØ«Ø±Ùˆ Ø¨Ø±Ø´Ø§ Ù…Ù„ ofers ØªØ¹Ù‡Ù… Ù„Ø§ÙƒÙ† Ø§Ù†Ø§ ÙˆØ§Ø­Ø¯ Ù…Ù†Ø§Ø³ ÙƒÙ†Øª ÙƒÙ„ 3 Ø´Ù‡ÙˆØ± Ø§Ù†Ø®Ø±Ø¬ Ø®Ø· Ù…Ù„ÙŠ Ø§Ø¹Ù…Ù„Øª Ø§ÙˆØ±Ù†Ø¬ Ø§Ù„Ø­Ù‚ Ù‚Ø¯Ø§Ù… Ø±Ø¨ÙŠ Ø¹Ù†Ø¯ÙŠ ØªÙˆ ÙÙˆÙ‚ Ù…Ù„ 5 Ø³Ù†ÙŠÙ† Ù…Ø¨Ø¯Ù„ØªØ´ ÙˆÙƒÙ„ ÙˆØ§Ø­Ø¯  Ù…Ù„ÙŠ Ù‚Ø¹Ø¯ÙŠÙ† ÙŠÙ†Ù‚Ø¯Ùˆ ÙÙ…Ø§ Ù…Ø±Ù‰ Ù„ÙˆÙƒØ§Ù† Ù…ÙˆØ´ Ù…Ù„ Ø§ÙˆØ±Ù†Ø¬ Ù…ØªÙ†Ø¬Ù…Ø´ÙŠ Ø§ØªÙƒÙ†ÙƒØªÙŠ Ø¨Ø§Ù„ÙƒØ±ÙŠØ¯ÙŠ Ù…ÙŠØ³Ø§Ù„Ø´ Ø§Ø­ÙƒÙŠ Ø§Ù„ÙŠ Ø§ØªØ­Ø¨ Ù„ÙƒÙ† ÙÙ„Ø®Ø± Ù…ÙŠØ³Ø§Ù„Ø´ Ø­ØªÙ‰ ÙƒÙŠÙ Ø§ØªØ¹Ø§ÙˆÙ† Ø¨ÙŠ ÙƒÙ„Ù…Ø© Ø¨Ø§Ù‡ÙŠØ§ Ù„Ø§Ø®Ø§ØªØ± Ù…Ø§ ÙÙŠÙ†Ø§ Ø­ØªÙ‰ ÙˆØ§Ø­Ø¯ Ù…ÙƒØ±Ø¯Ø§Ø´ Ù…Ù†Ù‡Ø§ Ø§Ù‚Ø¨Ù„ Ø§Ù†Ø§ Ù…Ù†ÙŠØ´ Ù‚Ø§Ø¹Ø¯ Ø§Ù†Ø§ÙÙ‚ ÙÙŠÙƒÙ… Ù„Ø§ ÙƒÙ† ÙƒÙ„Ù…Ø© Ø­Ù‚ Ø§Ù†Ø§ Ø§Ù†Ù‚Ù„ÙƒÙ… Ø§Ù†Ø´Ø§Ø¡ Ø§Ù„Ù„Ù‡ Ø±Ø¨ÙŠ Ø§Ø¹Ù†ÙƒÙ… ÙˆØ§Ù†Ø´Ø§Ø¡ Ø§Ù„Ù„Ù‡ ÙƒÙ„ Ø¹Ø§Ù… ÙˆØ§Ù†ØªÙ… Ø¨Ø®ÙŠØ± ÙˆÙ†Ø§ Ù†ØªÙ…Ù†Ù‰ Ù…Ù†ÙƒÙ… Ø§ØªØ¹Ø§ÙˆÙ†ÙˆÙ†ÙŠ Ø¹Ù†Ø¯ÙŠ Ø§Ù„Ø¨ÙŠØ³ Ù‡Ø§Ø°ÙŠ Ù…Ø¯Ù‰ Ø·ÙˆÙŠÙ„Ø© Ø¨Ø§Ø³Ù… Ø§Ø®ØªÙŠ Ø§Ù†Ø§ Ù†Ø­ÙƒÙŠ Ø¨ÙŠÙ‡Ø§ Ù…Ù†Ø­Ø¨Ø´ Ø§Ù†Ù‚ØµÙ‡Ø§ Ù„Ø®Ø·Ø± Ø§ØºÙ„Ø¨ÙŠØª Ø§Ø±Ù‚Ø§Ù… Ù†Ø®Ø¯Ù… Ø¨ÙŠÙ‡Ù… Ùˆ Ø¹Ù†Ø¯ÙŠ ØªØ§Ù„ÙŠÙÙˆÙ† ÙˆÙŠÙƒÙˆ Ø§Ø¹Ø² Ø¹Ù„ÙŠØ§ Ø¨Ø±Ø´Ø§ ØªØ¶Ø±Ø¨ØªÙ„ÙŠ (carts mere) ÙˆÙ„ÙˆØ¬Øª Ø¹Ù„ÙŠÙ‡Ø§ ÙØ§Ù„Ø¨Ù„Ø§ÙŠØ³ ÙƒÙ„ Ø§Ù„ÙŠ Ù†Ø³Ø¤Ù„Ùˆ Ø§Ù‚ÙˆÙ„ÙŠ ÙƒØ§Ù† ÙØ§Ù„Ø´Ø±ÙƒØ© ÙˆØ§Ù†Ø§ Ù…Ø¹Ù†Ø¯ÙŠØ´ Ø§Ø´ÙƒÙˆÙ† ÙŠÙ‚Ø±Ø¨Ù„ÙŠ ÙØ§Ù„Ø®Ø§Ø±Ø¬ Ø¨Ø´Ø¬ÙŠØ¨Ù‡Ø§Ù„ÙŠ Ø¹Ø§ÙˆÙ†ÙˆÙ†ÙŠ Ø±Ø¨ÙŠ Ø§ÙØ¸Ù„ÙƒÙ… Ø±Ø¨ÙŠ Ø§Ø¹ÙŠÙ†ÙƒÙ… ÙˆØ´ÙƒØ±Ø§,positive
ÙˆØ§Ù„Ù„Ù‡ Ø£Ø³ÙˆØ§Ù… les offres ÙƒØ§Ù†Ùˆ Ù…Ø¹Ù‚ÙˆÙ„ÙŠÙ† ÙˆØªÙˆØ§ Ù…Ø¯Ø© Ø¹Ø§Ù…ÙŠÙ† ÙŠØ§Ø³Ø± Ø²Ù„Ø¹ØªÙˆÙ‡Ø§ ÙˆÙ†Ù‚ØµØªÙˆ ÙÙŠ Ø­Ø¬Ù… les mb ÙˆØ²Ø¯ØªÙˆ ÙÙŠ Ø§Ù„ÙÙ„ÙˆØ³ Ø¨Ø§Ø´ ØªÙ‚Ù„ÙŠ Ù‚Ø§Ù†ÙˆÙ† Ù…Ø§Ù„ÙŠØ© Ù†Ù‚Ù„Ùƒ Ù…Ù†Ø³Ù…Ø¹ÙƒØ´ÙŠ Ø®ÙˆÙŠØ§ 2gb Ø¨ 12 Ø¯ Ø¨Ø¹Ø¯ Ù…Ø§ ÙƒØ§Ù†Ùˆ Ø¨ 2Ø¯ Ø§Ù†Ø§ Ù…Ù„ÙŠ Ø­Ù„Øª Ø£ÙˆØ±ÙˆÙ†Ø¬ ÙÙŠ ØªÙˆÙ†Ø³ Ù†Ø³ØªØ¹Ù…Ù„ ÙÙŠÙ‡Ø§ ÙˆØ¨ØµØ±Ø§Ø­Ø© Ø±Ø§Ø¬Ø¹Ùˆ Ø§Ù„Ø­ÙƒØ§ÙŠØ©.,positive
"Ø§Ù†Ø­Ø¨ samsung  Ù…ÙˆØ´ ØªØ¨Ø¹Ø«ÙˆÙ„ÙŠ 

il vous reste moins de 70 mo de vos options et bonus internet mobile. pour continuer a profiter d'internet, composez *124#.",positive
7arb 3alamiya we toufa denya khali nchouf aka eli ylimo fi elflous we yebno fi elkdouret we ya3mlo fi elmachari3 we yejro 3la elkrassi we ykhamamo kan fi rwa7hom chnia ynajmo ya3mlo.,positive
"tit7arer filastin, nerba7777777 m3a orange huawe_gr3 , khouya yok3od dima naje7 w akther
tahanaa manich nasietkom bonne annÃ©e orange ğŸ˜ğŸ˜ğŸ˜ğŸ˜˜ğŸ˜˜ğŸ˜˜ğŸ’—ğŸ’—ğŸ’—",positive
"netmena essaha wa essaada Ã  mes enfants bouraoui hamdi , rahouba bouraoui ,  rania bou raoui, et rahma bo aussi mon mari le fidÃ¨le abdelsalm bouraoui et mes petits enfants nourcine wa kinÃ¨ne rabi yahmihom min kol char wa issounhom et aussi ma mÃ¨re",positive
Ù†ØªÙ…Ù†Ù‰ Ù†Ø±Ø¨Ø­ ØªÙ„ÙÙˆÙ† ÙŠØµÙ„Ø­ Ù…Ù† Ø¹Ù†Ø¯ orange Ùˆ Ù…Ø§ Ø°Ø§Ø¨ÙŠØ§ ÙŠÙƒÙˆÙ† Ù…Ø§ Ø¨ÙŠÙ† j7 pro ÙˆØ§Ù„Ø§ iphone8 ÙˆØ§Ù„Ø§ huawei mate 10.. Ø§Ù…Ù†ÙŠØªÙŠ Ù†ÙƒØ³Ø¨ ØªÙ„ÙÙˆÙ† Ø¨Ø§Ù‡ÙŠ Ø§Ù„Ù„Ø·Ù Ù‡Ù‡Ù‡Ù‡ Ù‡ÙŠØ§ Ø¯Ø² ÙØ§Ø²ØªÙƒ ÙŠØ§ orange ÙŠØ§ ØºØ§Ù„ÙŠØ© ÙŠØ§ Ù…ÙÙ„Ø³ØªÙ†ÙŠ,positive
nemchi l'russia m3a orange ğŸ˜‚ğŸ˜‚ğŸ˜‚ğŸ˜‚ ah nsyyt eli dÃ©jÃ  rbe7t'ha lmachya ğŸ˜‚ğŸ˜‚ğŸ˜ğŸ˜,positive
Ù†ØªÙ…Ù†Ù‰ Ù†Ø±Ø¨Ø­ ØªÙ„ÙÙˆÙ† ÙŠØµÙ„Ø­ Ù…Ù† Ø¹Ù†Ø¯ orange Ùˆ Ù…Ø§ Ø°Ø§Ø¨ÙŠØ§ ÙŠÙƒÙˆÙ† Ù…Ø§ Ø¨ÙŠÙ† j7 pro ÙˆØ§Ù„Ø§ note 7 ÙˆØ§Ù„Ø§prime 7 j .. Ø§Ù…Ù†ÙŠØªÙŠ Ù†ÙƒØ³Ø¨ ØªÙ„ÙÙˆÙ† Ø¨Ø§Ù‡ÙŠ  Ù‡Ù‡Ù‡Ù‡ Ù‡ÙŠØ§ Ø¯Ø² ÙØ§Ø²ØªÙƒ ÙŠØ§â¤ orangeâ¤ ÙŠØ§ ØºØ§Ù„ÙŠØ© ÙŠØ§ Ù…ÙÙ„Ø³ØªÙ†ÙŠ ğŸ˜˜ğŸ˜˜ğŸ˜˜,positive
"slm  , belehy khdhiit aandi 2 j flybox max 25 go  w ki nodkhell lil espace client yektebli date de validitÃ© : 31/12/2017 w ena mekhdhou aandi 2 j ???",positive
kifech nbaddel les point mta3i l'internet wailla mayetbadlouch orange,positive
"Ù†Ø¬Ù… Ù†Ø¨Ø¹Ø« les point Ù…ØªØ§Ø¹ÙŠ Ù…Ù† ØªÙŠÙ„ÙŠÙƒÙˆÙ… Ù„Ø§ÙˆØ±ÙˆÙ†Ø¬ ÙˆÙ„Ø§ Ù…Ù†Ø¬Ù…Ø´ 
Ø§Ù„Ø±Ø¬Ø§Ø¡ Ø§Ù„Ø¥Ø¬Ø§Ø¨Ø© ÙÙŠ Ø£Ù‚Ø±Ø¨ ÙˆÙ‚Øª",positive
"3andi 4690 point , 9edeh lezemni nousel chne5ou telifoun et merciiiii",positive
Ø§Ù„Ù‡Ø§ØªÙ Ø¹Ù†Ø¯ÙŠ ÙˆØ§Ù„Ù†Ø§Øª ÙÙŠÙ‡Ø§ Ø¶Ø¹ÙŠÙØ© Ø±ØºÙ… Ø§Ù†Ù‡Ø§ 4g,positive
slm belhy nheb rod el point mt3y internet kifech na3mel,positive
brabi chnia lfare9 entre flybox prepayÃ© et flybox postpayÃ©???,positive
"ÙƒÙŠÙØ§Ø´ Ù†Ø¹Ù…Ù„ Ø¨Ø§Ø´ Ù†Ø¹Ø±Ù Ø§Ù„Ù†Ù‚Ø§Ø· Ù„ÙŠØ¹Ù†Ø¯ÙŠ
ÙˆÙƒÙŠÙØ§Ø´ Ù†Ø­ÙˆÙ„Ù… Ù„ØµÙˆÙ„Ø¯ ØŸØŸ",positive
kifeh na3mel bech ne3ref 9adeh 3andi points,positive
Ø§Ù„Ù‡Ø§ØªÙ Ø¹Ù†Ø¯ÙŠ ÙˆØ§Ù„Ù†Ø§Øª ÙÙŠÙ‡Ø§ Ø¶Ø¹ÙŠÙØ© Ø±ØºÙ… Ø§Ù†Ù‡Ø§ 4g,positive
belehi shna3mil rahi itjini haka,positive
kifech ouehed oredoo yab3ath internet orange,positive
brabi code 8neyet mel7em zein dalle dh7aki y3aychk,positive
Ø§Ù„Ù‡Ø§ØªÙ Ø¹Ù†Ø¯ÙŠ ÙˆØ§Ù„Ù†Ø§Øª ÙÙŠÙ‡Ø§ Ø¶Ø¹ÙŠÙØ© Ø±ØºÙ… Ø§Ù†Ù‡Ø§ 4g,positive
n7eb nabdlhem bouns antrnet,positive
kifh n3rf gedch 3andi point merci,positive
chkoun ya3ref kifech transfert flous fi orange,positive
",ÙƒÙŠÙØ§Ø´ Ù†Ø¹Ù…Ù„ Ø¨Ø§Ø´ Ù†Ø¹Ø±Ù Ø§Ù„Ù†Ù‚Ø§Ø· Ù„ÙŠØ¹Ù†Ø¯ÙŠ ÙˆÙƒÙŠÙØ§Ø´ Ù†Ø­ÙˆÙ„Ù… Ù„ØµÙˆÙ„Ø¯",positive
brain kifeh naaml. transfers d'argent,positive
?? fhmt chy kifh bad,positive
najem nabaath men tÃ©lecom l orange ?,positive
ÙƒÙŠÙØ§Ø´ Ù†Ø¹Ø±Ù Ù†Ù‚Ø§Ø· Ø§Ù„ÙŠ Ø¹Ù†Ø¯ÙŠØŸ!,positive
kifech ne3ref gedech 3andi men point,positive
kifeh na3mel bech ne3ref 9adeh 3andi points,positive
ana ahsan 3am t3adeli f hyeti 2017 khater rabi rzakni b wildi mohamed amine ... <3 <3,positive
"slt
7abit nab3eth solde li num e5er ktabet *115*num*solde*0000# ma7abich yet3ada chouf chnouwa ktabli",positive
ena  3adit chatrou fi el  7amamet m3a a3az s7abi,positive
nestanou wa9teche nerb7ou,positive
brabi n7eb n7ot 8oneya fi sem3ni me3rftch kifech,positive
3aditoo n7ewel bech nerbe7 m3ekom w manajamtech :(,positive
slm kifh narf 9adeh anddi point cad,positive
w. 9th nrbh ?!,positive
Ø£Ù†Ø§ Ø£Ø­Ù…Ø¯ Ù…Ù‡Ù†Ø¯Ø³ Ø¨Ø´Ø±ÙƒØ© Ø·ÙŠØ±Ø§Ù† Ù†Ø®Ø¯Ù… Ø¨ÙØ±Ù†Ø³Ø§ Ø¹Ù†Ø¯ÙŠ Ù†Ù‡Ø§Ø±ÙŠÙ† Ù…Ù„ÙŠ Ø±ÙˆØ­Øª Ù„ØªÙˆÙ†Ø³ ÙÙ…Ø§Ø§Ø§Ø§Ø§Ø§Ø§Ø§Ø´ Ø¨Ù†ÙŠØ© ØªØ­Ø¨ ØªØ¹Ø±Ø±Ø±Ø±Ø±Ø±Ø±Ø³ ÙÙŠ Ø£Ù‚Ø±Ø¨ ÙˆÙ‚Øª,positive
j'ai participer plusieur fois mais dommage mezelt nestana wa9tech bech nerba7,positive
bon 2017 mich haja kbira t3ada mais fih jaw m3a shabi w il kol nchalh 2018 yot3ada bÃ¨hi,positive
brabi ana nest7a99 internet m 19h l minuit ..b ama offre tens7ouni..,positive
dima enkolou hmd ama ma etbadel chay ili  norgdou 3lih enfikou 3lih,positive
"Ø§Ù„ÙƒÙ…Ù†ØªØ±Ø§Øª Ø§Ù„ÙŠ Ù†ÙƒØªØ¨ ÙÙŠÙ‡Ù… Ø§Ù„ÙƒÙ„ Ù„Ø¨Ø§Ø¬ orange ÙÙŠ Ø§Ù„Ù…Ø³Ø¨Ù‚Ø§Øª Ùˆ Ù„ØªÙˆ Ù„Ø±Ø¨Ø­Øª Ø­ØªÙ‰ Ø´ÙŠ 
Ø¯ÙŠÙ…Ø§ Ø­Ú¨Ø±ÙŠÙ† Ø§Ù„Ø²ÙˆÙˆÙ„Ø§",positive
2 tellifounetti tkasrou fi 2017 nheb nerbah maakom telifoun fi 2018 brabbi aman w nheb nkoulelkom bonne annÃ©e et bonne continuation orange w m'a orange dima rebhiiine,positive
ana t3adali bahi we tahfoun we hamdoula 3malit fih baaaaarcha hajett bahin,positive
ğŸ˜ŠğŸ˜ğŸ˜ wel hamdoulah ya rabbi :) inchallah l 3am l jdid ykoun a7sen w lel nes lkol sans exception ya rabbi :),positive
"bjr 
je viens de contacter votre misÃ©rable service client deux jours de suite  concerna

 qui est dÃ©bitÃ© d'argent quotidiennement, aucune rÃ©ponse valable na Ã©tÃ© fourni ,l'abonnement digster a Ã©tÃ© dÃ©sactivÃ© lundi a 7h (voir capture ecran)mais l'argent est dÃ©ni jusqu'Ã  aujourd'hui.,je vous demande de rÃ©gler cette affaire et me restituer l'argent dÃ©bitÃ© voir message inbox",positive
Ù„Ù‡ÙƒØ§ ÙˆÙ„Ø§ Ù‡ÙƒØ§.  Ø§Ù…Ø§. Ø§Ù„Ø§ÙƒØ«Ø§Ø±ÙŠÙ‡.   Ù…Ø´ Ø¨Ø§Ù‡ÙŠ.  ÙˆÙ†Ø´Ø§Ù„Ù„Ù‡. ÙŠØ§Ø±Ø¨ÙŠ.   Ù…ØªÙˆÙ…Ø§. ÙˆØ§Ø­Ù†Ø§. Ø¨Ø®ÙŠØ±.   ÙÙŠ Ù‡Ù„ Ø¹Ø§Ù… Ø§Ù„Ø¬Ø¯ÙŠØ¯.   ÙˆÙ†Ø´Ø§Ù„Ù„Ù‡ Ù…Ù† Ø­Ø³Ù† Ø§Ù„Ù‰ Ø§Ø­Ø³Ù†.  Ø¹Ù„Ù‰ Ø§Ù„Ù†Ø§Ø³ Ø§Ù„ÙƒÙ„. â¤âœŒ.,positive
Ù„Ù‡ÙƒØ§ ÙˆÙ„Ø§ Ù‡ÙƒØ§.  Ø§Ù…Ø§. Ø§Ù„Ø§ÙƒØ«Ø§Ø±ÙŠÙ‡.   Ù…Ø´ Ø¨Ø§Ù‡ÙŠ.  ÙˆÙ†Ø´Ø§Ù„Ù„Ù‡. ÙŠØ§Ø±Ø¨ÙŠ.   Ù…ØªÙˆÙ…Ø§. ÙˆØ§Ø­Ù†Ø§. Ø¨Ø®ÙŠØ±.   ÙÙŠ Ù‡Ù„ Ø¹Ø§Ù… Ø§Ù„Ø¬Ø¯ÙŠØ¯.   ÙˆÙ†Ø´Ø§Ù„Ù„Ù‡ Ù…Ù† Ø­Ø³Ù† Ø§Ù„Ù‰ Ø§Ø­Ø³Ù†.  Ø¹Ù„Ù‰ Ø§Ù„Ù†Ø§Ø³ Ø§Ù„ÙƒÙ„. â¤âœŒ.,positive
bourjouliya t3adeli 3am le tochkor le tdhem w haw emoji  ğŸ˜ğŸ˜ğŸ˜,positive
Ø¹Ø§Ù…  ÙŠØ§ Ù„Ø·ÙŠÙÙ Ø²Ø¨Ù„Ø© Ø´Ø¦ Ù…Ø§ ÙŠØ¹Ø¬Ø¨  ÙØ¯Ø§ ÙˆÚ¨ÙŠÙ†Ø§ ÙˆÙ…Ø´Ø§ÙƒÙ„ ÙˆØ¥Ø¶Ø±Ø¨ Ùˆ Ø¯ÙŠÙ†Ø§ ÙƒÙŠÙ„Ø§ Ø¨Ø¹Ø¶Ù‡Ø§ ØªÙ†Ø´ÙˆÙ 2018 ÙŠØ§ØªØªØ­Ø³Ù† ÙŠØ§  ØªØºØ±Ú¨,positive
svp kifeh na3mel desactivee lservice sos credit et merci d'avance :),positive
ğŸ–•ğŸ»,positive
ğŸ˜¡ğŸ˜¡ğŸ˜ ğŸ˜ ğŸ˜ ğŸ˜¤ğŸ˜¤ğŸ˜¤ğŸ˜¤,positive
Ù…ØªØ­ÙŠÙ„ÙŠÙ†.Ø¹Ù…Ù„Øª clÃ© Ø¹Ù† Ø·Ø±ÙŠÙ‚ Ø§Ù„ÙˆØ¯Ø§Ø¯ÙŠØ© ÙÙŠ espace Ø§Ù„Ù‚ØµØ±ÙŠÙ† Ù‚Ø§Ù„ÙˆÙ„ÙŠ illimitÃ© Ø¨Ø¹Ø¯ Ø¬Ù…Ø¹Ø© Ø¬Ø§Ù†ÙŠmessage ÙŠÙ„Ø²Ù…Ù†ÙŠ Ù†Ø´Ø±Ø¬ÙŠ Ù…Ø±Ø© Ø§Ø®Ø±Ù‰,positive
bnj belahi n7eb nes2el 3la adsl home 20 mg 9adeh nadfa3 melouwel wa ela nabda n5ales kol chhar wa chahro ?????,positive
ma tichriwich  flybox. adsl home 5ir a ar5is ama lazmou installation,positive
"ena tawa 3amla forfait 25go , najem nbadel 35 go Ã  tout moment ?",positive
bnsr n7eb na3ref ki bech na5o flybox 25 go t5ales me louwel,positive
a3malit adsl orange w 3andi chhar wnos wmajawich rakbouh,positive
linternet 3ndkoum rzina w t9ous fis3,positive
brabi ena ooredoo w nheb nwali orange 3awnoni,positive
chrit pus orange 4g w 3andha 3 jour w ltw mt7ltli,positive
internet rzina barcha,positive
mt3i y9os maykamlich ichhar tjmo t9ololi 3lh,positive
ÙƒÙŠÙØ§Ù‡ Ù†Ø¹Ø±Ù Ù†Ù‚Ø§Ø·ÙŠ ÙÙŠ Ø§ÙˆØ±Ù†Ø¬ !!!!,positive
ana chritha fi dicembre tawa etsoubouli 25 go fi janvier,positive
brabi cle orange b9deh ytcharja mte3 chhar,positive
w kadeh fi chhar,positive
Ø¨Ù‚Ø¯Ø§Ø´ 35g o,positive
ye5i 3leh ki n7ot videowet toufa fisa3 l'internet ??,positive
chbiya dar9 bin flybox wl adsl,positive
Ø¹Ù„Ø§Ø´ Ù…Ø§ØªØ§Ø®Ø°ÙˆØ´ Ù…Ø§Ù„Ø¨ÙˆÙ†ÙŠØ³ Ø§Ù„Ø§Ù†ØªØ±Ù†Ø§Øª ØªÙ‡Ø±ÙŠØª ÙˆØ§Ù†Ø§ Ù†ØµØ¨ .ÙˆØ²ÙŠØ¯ Ù…Ø§ØªØ´Ø¯Ø´ ÙƒØ§Ù† Ø­Ù„ÙŠØª Ø§Ù„ÙÙŠØ¯ÙŠÙˆ .ÙŠØ°ÙˆØ¨ ÙÙŠØ³Ø¹ .,positive
Ø§Ù†Ø§ Ø¹Ù†Ø¯ÙŠ Ø­Ø§Ø¬Ù‡ Ø§Ù…Ù‚Ù„Ù‚ØªÙ†ÙŠ Ø§Ù„Ø§Ù†ØªÙ†Ø§Øª ÙÙŠØ³Ø¹ ØªÙˆÙÙ‡ ÙƒØ§Ù† Ø§ØªÙ†Ø¬Ù… Ø§ØªØ¬Ø§ÙˆØ¨ÙˆÙ†ÙŠ,positive
Ø£Ù†Ø§ Ø´Ø§Ø±ÙƒØª ÙÙŠ Ø§Ù„Ù…Ø³Ø§Ø¨Ù‚Ø§Øª Ù…ØªØ§Ø¹ÙƒÙ… Ùˆ Ø¯ÙŠÙ…Ø§ Ù…Ø§Ù†Ø±Ø¨Ø­Ø³,positive
"Ù†Ø­Ø¨Ùˆ Ø´ÙˆÙŠ Ù…ØµØ§Ø¯ÙŠÙ‚Ø© ÙˆØ«Ù‚Ø© Ù…Ù†ÙƒÙ… 
ÙˆØ§Ù„Ù„Ù‡ Ø´ÙŠ ÙŠØ­Ø¨Ø³ Ø§Ù„Ù…Ø® 
10 g ÙÙŠ 10 Ø§ÙŠØ§Ù…  Ùˆ    ØºØ±ÙŠØ¨Ø© ÙÙŠÙƒÙ…",positive
sorfag,positive
,positive
,positive
,positive
,positive
Ø§ÙˆØ±Ù†Ø¬ Ù†Ø­Ø¨ Ù…Ø·ÙˆØ± Ù…ØªØ¹ Ù…Ø¹Ø§Ù‚ Ø´ÙƒØ±,positive
Ùˆ Ø§Ù„Ù‚Ø§Ø²ÙˆØ²Ø© Ø´Ø¹Ù…Ù„Ù†Ø§ ÙØ§Ù‡Ø§ ØªÙˆ ØŸØŸØŸØŸØŸØŸØŸØŸâ™¥â™¡â™¥â™¥â™¥â™¥,positive
,positive
,positive
emoje mta3 iphone,positive
,positive
"emoji ""middle finger"" !",positive
,positive
,positive
,positive
,positive
anwer,positive
amel,positive
ğŸ™ƒ,positive
ines,positive
,positive
,positive
iphone x,positive
hend tarblsi,positive
,positive
wismi souhaib sleimi,positive
,positive
,positive
,positive
hatem slimane,positive
composit *122# besh naady service point merci mahbesh ytaada !? dymaa naawed o hkya fergha ytaadesh ?,positive
ÙƒÙŠÙØ§Ø´ Ù†Ø¹Ù…Ù„ Ø¨Ø§Ø´ Ù†ØªØ­ØµÙ„ Ø¹Ù„Ù‰ 5 Ø¯ÙŠÙ†Ø§Ø± Ù…ÙƒØ§Ù„Ù…Ø§Øª...ÙƒÙ…Ù„Øª 5 Ø¯ÙŠÙ†Ø§Ø±Ø§Øª Ø£Ù†ØªØ±Ù†Øª ÙˆÙ…Ø§Ù„Ù‚ÙŠØª Ø´ÙŠ ØŸ,positive
"Ø´Ø±Ø¬ÙŠØª 5 Ø¯ÙŠÙ†Ø§Ø±Ø§Øª
ÙˆØ¹Ù…Ù„Øª Ø¨ÙŠÙ‡Ù… Ø¥Ø²ØªØ±Ù†Ø§Øª Ø£Ù…Ø§ Ù…ÙˆØ´ ÙØ±Ø¯ Ù…Ø±Ø© Ø¨Ø§Ù„Ø¯ÙŠÙ†Ø§Ø± Ø¨Ø§Ù„Ø¯ÙŠÙ†Ø§Ø± 
ØªØ¬ÙŠÙ†ÙŠ ÙÙŠ Ø§Ù„Ø­Ø§Ù„Ø© Ù‡Ø§Ø°ÙŠ 5 Ø¯ Ù…ÙƒØ§Ù„Ù…Ø§Øª ØŸØŸ",positive
slm ana dima ni5dim     internet mais jamais kan i5dhitha l'option hadi chnouwa code bach na3rif,positive
bilhi nhb na5ow tlfn b ta9sid kifh na3mel w chnouw il matlob kin matrch man3,positive
Ù‡Ø°Ø§ Ø§Ù„Ø¹Ø±Ø¶ Ø§ÙƒØ¨Ø± ÙƒØ°Ø¨Ø© ÙˆÙ†Ù‡Ø¨ Ù„Ù„ÙÙ„ÙˆØ³ Ù†Ø³Ø¨ 5 Ù†Ù‚ÙˆÙ… Ø§Ù„ØµØ¨Ø§Ø­ Ù…Ù†Ù„Ù‚Ù‡Ø§Ø´,positive
bnj 3andi 70000 point 9dech ijboli n7b na5dh talifoun,positive
kifch njm nsob flous men tlf ltlf e5er,positive
"Ø§Ù‡Ù„Ø§
ÙˆØµÙ„Øª Ù„ 1225 Ù…ÙŠØºØ§ 
ÙÙ…Ø§Ø´ Ø¨ÙˆÙ†ÙŠØ³ ØŸ",positive
ÙÙ…Ø§Ø´Ù‰. Ø¬Ø¯ÙŠØ¯.  ÙÙ‰. Ø§Ø±ØªØ±Ù†Ø§Øª.   Ù†Ø®Ù„Øµ. Ø¨Ø´Ù‡Ø±.,positive
3aslema orange kifach nchouf les point mte3i,positive
blahi 3lah l bonus y9e3d kan 3 ayam barka,positive
kifach n3adi l'offre 10d ch.har klam,positive
Ø¨Ø±Ø¨ÙŠ ÙƒÙŠÙØ§Ø´ Ù†Ø¨Ø¯Ù„ Ù…Ù† Ø¹Ø±Ø¶ Ù„Ø¹Ø±Ø¶,positive
Ø¹Ø³Ù„Ø§Ù…Ø© Ø§ÙˆØ±Ù†Ø¬ ÙƒÙŠÙØ§Ø´ Ù†Ø´Ø±Ùƒ ÙÙŠ yo Ø¨Ø±Ø¨ÙŠ,positive
nheb n3rf el cod bech ne3rf 9adeh 3indi men no9ta,positive
kifach na3mlh sam3ni *144# Ùˆ Ø¨Ø¹Ø¯Ù‡Ø§ ØŸØŸ,positive
,positive
,positive
1d yemchi l3ar4,positive
ÙŠØ§ ÙˆÙ„Ø§Ø¯ÙŠ Ø±Ø¨Ø­ÙˆÙ†Ø§ Ù…Ø¹Ø§ÙƒÙƒ Ù…Ø§ ØªØ´ÙˆÙ ÙƒØ§Ù† Ù…Ø¨Ø±ÙˆÙƒ ÙˆÙ„Ø¯ÙŠ Ø¨Ø§Ø´ ÙŠÙ‡Ø¨Ù„Ù†ÙŠ Ø¹Ù„Ù‰ Ø¨ÙˆØ±Ø·Ø§Ø¨Ù„ ÙˆÙ‡Ùˆ ÙŠØ§ Ù…Ø§Ù…Ø§ Ø´Ø§Ø±Ùƒ,positive
Ø¥Ù† Ø´Ø§Ø¡ Ø§Ù„Ù„Ù‡ Ù…Ø¨Ø±ÙˆÙƒ Ùˆ Ù„Ø¹Ø§Ù‚Ø¨Ø§ Ù„ÙŠØ§Ø§Ø§Ø§Ø§ ÙˆØ§Ù„Ù„Ù‡ ØªÙ„ÙŠÙÙˆÙ†ÙŠ ÙŠØ³Ø®Ù ÙƒØ±Ù‡ØªÙˆ Ùˆ Ù†Ø­Ø¨ Ù†Ø¨Ø¯Ù„Ùˆ Ù„ÙƒÙ„ Ø§Ù„Ø¸Ø±ÙˆÙØªØ­Øª 0..Ø§Ù„Ø­Ù…Ø¯ Ù„Ù„Ù‡,positive
Ù†Ø¬Ù… Ù†ÙƒÙˆÙ† Ù…Ù† Ø±Ø§Ø¨Ø­ÙŠÙ† Ø¨Ø§Ù„ÙƒØ§Ø¯Ùˆ Ù‡Ø°Ø§ ÙƒØ§Ù† ÙƒØªØ¨ Ø±Ø¨ÙŠ Ø²Ø¹Ù…Ø© ÙŠØªØ­Ù‚Ù‚ Ø§Ù„Ø±Ø¨Ø­,positive
ya orange wini tlfnt le3bad eli reb7et tihakom ga3din te7ko wetrab7o bel faregh dewla ser9a wentouma minhom ou nn jawbo ebsara7a,positive
Ø§Ù†Ø§ Ø§Ù„ ØªÙˆ Ù†Ø´ÙˆÙ ÙƒØ§Ù† ÙÙŠ ÙƒÙ„Ù…Ø© Ù…Ø¨Ø±ÙˆÙƒ Ø§Ù†Ø´Ø§Ø¡ Ø§Ù„Ù„Ù‡ ØªØµØ¯ÙÙ„ÙŠ Ù…Ø¹ oronge,positive
"orange yo
please rabhouni",positive
Ø¹Ø³Ù„Ø§Ù…Ù‡  orange Ø¯ÙŠÙ…Ø§ Ù†Ø´Ø§Ø±Ùƒ Ùˆ Ø´ÙŠ Ù†ØªÙ…Ù†Ù‰ Ù†Ø±Ø¨Ø­ Ùˆ Ø±Ø¨ÙŠ ÙŠØ³Ù‡Ù„ Ù‡Ø§Ù†ÙŠ Ù†Ø³ØªÙ†Ù‰ Ø®ÙŠØ± Ù…Ø§ Ù†ØªÙ…Ù†Ù‰,positive
Ø£Ù†ÙŠ ÙÙŠØ¯Ø§Ù„ Ù„Ø£ÙˆØ±Ø§Ù†Ø¬ Ù…Ù†Ø­Ø¨ ÙƒØ§Ù† Ø£ÙˆØ±Ø§Ù†Ø¬ Ùˆ Ù…Ù†Ø³ØªØ¹Ù„ ÙƒØ§Ù† Ø£ÙˆØ±Ø§Ù†Ø¬ â€:-*â€â€ ÙˆÙ†Ø´Ø£Ø§Ù„Ù„Ù‡ Ù†Ø±Ø¨Ø­â€:-)â€,positive
Ù†Ø­Ø¨ Ù†Ø±Ø¨Ø­ Ø§Ù†Ø§ ØŒ Ù„Ù„Ø¯Ø±Ø¬Ø© Ù‡Ø°ÙŠ Ù…Ø§ Ø¹Ù†Ø¯ÙŠØ´ Ø²Ù‡Ø± ØŸ,positive
Ù…Ø¨Ø±ÙˆÙƒ Ø¹Ù„ÙŠÙ‡ ÙˆØ±Ø¨ÙŠ ÙŠÙØ±Ø­Ù†Ø§ Ø£Ø­Ù†Ø§ Ø²Ø§Ø¯,positive
"orange dimma warakkk,ezzamen tawill,sim sim sim sam",positive
n7eb nerbe7 ma3andi telephon kifech nerbe7,positive
"Ø±Ø¨Ø­ÙˆÙ†Ø§ Ù…Ø¹Ø§ÙƒÙ… ÙŠÙ‡Ø¯ÙŠÙƒÙ… Ø±Ø¨ÙŠ 
Ù‡Ø§Ù†ÙŠ Ø¯ÙŠÙ…Ø§ Ù†ØªØ¨Ø¹ ÙÙŠÙƒÙ… ÙˆØ¯ÙŠÙ…Ø§ Ù…Ø«Ù…Ø´ ÙƒØ§Ø¯ÙˆØ§Øª",positive
Ø¯ÙŠÙ…Ø§ Ù†Ø´Ø§Ø±Ùƒ Ù…Ø¹Ø§ÙƒÙ… Ùˆ Ø¯ÙŠÙ…Ø§ Ù…ØªØ§Ø¨Ø¹ØªÙƒÙ… Ø¹Ù„Ù‰ Ø§Ù„Ø¨Ø§Ø¬ Ùˆ Ø­ØªÙ‰ Ù…Ø±Ø© Ù…Ø±Ø¨Ø­Ø©,positive
ena nheb huawei 10 lite aman rabhouni rani khoukom,positive
Ù…Ø¨Ø±ÙˆÙƒ Ø¹Ù„ÙŠÙ‡ ÙˆØ§Ù†Ø´Ø§Ø¡ Ø§Ù„Ù„Ù‡ Ù†Ø±Ø¨Ø­Ùˆ ÙƒÙŠÙÙˆ,positive
Ù…Ø¨Ø±ÙˆÙƒ Ø¹Ù„ÙŠÙ‡ ÙˆØ§Ù†Ø´Ø§Ø¡ Ø§Ù„Ù„Ù‡ Ù†Ø±Ø¨Ø­Ùˆ ÙƒÙŠÙÙˆ,positive
Ø§Ø­Ù„Ù‰ Ø§ÙˆØ±Ù†Ø¬,positive
intouma ya lorange 9a3din tisir9ou kan.fi flous nes,positive
yaaaaa orange bjeeh rabii kifech naamel bech nerbah w matkouloulich suivez nous  sur notre page kouloulii kifeeeeeeh,positive
wallah nheb narbah telifoun dima ncherek ama matakhtafech wallzh telifouni la 3ale9a wmaandich bech nekhou wehed content nheb nekhedh wehed belfacilite si oui ou non,positive
Ù†Ø³ÙŠØªÙˆÙ‡Ø§ Ø§Ù„Ù…Ø³Ø§Ø¨Ù‚Ø© Ø§Ù„ÙŠ Ù‚Ù„ØªÙˆØ§ ÙØ§Ù‡Ø§ Ø§ÙƒØ«Ø± ÙˆØ§Ø­Ø¯ ÙŠØ­Ø· ÙƒÙ…Ù†ØªØ±Ø§Øª ÙŠØ±Ø¨Ø­ ØªÙ„ÙŠÙÙˆÙ† ØŸØŸ!!!! Ù‚Ø¯Ø§Ø´ ØªÙƒØ°Ø¨ÙˆØ§ ğŸ˜¤ğŸ˜ ğŸ˜¡,positive
"salut,orange, est-ce-qu'il ya des tÃ©lÃ©phone s de marque condor et ses prix s'il vous plaÃ®t",positive
Ø£Ù†Ø§ Ø¹Ù†Ø¯ÙŠ flybox max 25 gb  Ø­Ø¨ÙŠØª Ù†Ø¨Ø¯Ù„Ùˆ 55 Ù…Ø´ÙŠØª Ù„Ù„Ø¨ÙˆØªÙŠÙƒ Ù‚Ø§Ù„ÙˆÙ„ÙŠ Ù…ØªÙ†Ø¬Ù…Ø´ØŸØŸ,positive
stp chnowa chorout bech na5ed talifoun par facilitÃ©,positive
hhhh.  belahi 3lach n3amer dinar nal9a 9d.  machou 11d,positive
ou ki el 3ada  bech tkdbou  3lina  b 199 mba3ed  400dt,positive
Ø¹Ù„Ø§Ø´ Ù…ØªØ¹Ø·ÙŠÙˆÙ†ÙŠØ´ point,positive
kifech na3raf 9adech 3andi poinettes svp,positive
b9adah bech ikoun soummou???,positive
Ø§Ù†Ø§ orange Ùˆ Ø§Ù†Ø­Ø¨ Ù†Ø±Ø¨Ø­,positive
3aslema nehab nerbah kifech,positive
orange Ù…Ø¯Ù„Ù„ØªÙ†Ø§,positive
Ø§Ù†Ø§ orange ÙˆÙ†Ø­Ø¨ Ù†Ø±Ø¨Ø­,positive
wachny  tari9 bch nrb7 italefown,positive
b9addeh l'iphone x orange,positive
chnoua heda,positive
ØªØ­ÙŠØ§ Ø£ÙˆØ±Ù†Ø¬,positive
a5 mafhemtech kifech,positive
iphone x 9,positive
che3neha mqhabech yekhdem google,positive
hello orange gidach soumou iphone x,positive
prix cvp,positive
Ø³ï»»Ù… Ø£ÙˆØ±Ù†Ø¬ ØªÙ†Ø¬Ù…Ùˆ ØªØ¹Ø·ÙˆÙ†ÙŠ  ÙƒÙ„ Ø§Ù„Ù…Ø¹Ù„ÙˆÙ…Ø§Øª Ø¹Ù„Ù‰   adsl home 8mg ÙˆÙƒÙŠÙØ§Ø´ Ù†Ø¹Ù…Ù„ Ø¨Ø§Ø´ Ù†Ø¯Ø®Ù„ adsl homeÙˆ Ø´ÙƒØ±Ø§,positive
orange ta3touni telifoun bel fasilitee,positive
eleven percent *,positive
salem belehy kyfsh najem nqoss 15min,positive
lee ena men jme3et got xd,positive
"Ù…ÙÙ‡Ù…ØªØ³ ØªÙˆ Ø§Ù„Ø¨ÙˆØ³Øª Ø¹Ù„Ù‰ ""Ø³ØªØ±Ù†Ø¬Ø± Ø«Ù†Ù‚Ø² "" Ùˆ Ù†Ø§Ø³ ØªÙ‚Ø­Ù ÙÙŠ Ø¯ÙŠÙ†Ø§Ø± Ùˆ ÙŠØªØ´Ø­ØªÙˆØ§ Ø¹Ù„Ù‰ ØªØ§Ù„ÙÙˆÙ†Ø§Øª wtf",positive
slm orange balhi kafeh na3mel bech naseb 1000 men noumroya la namri o5er,positive
,positive
Ø§ÙŠ,positive
,positive
chniya hetha ??,positive
,positive
ayğŸ’•,positive
ÙˆØ´ÙŠğŸ˜’ğŸ˜’,positive
,positive
,positive
11  is amazing :p,positive
famech des offre jdod fi 2018,positive
beslema w zid mazed chay le jam3eya ena fadhlet tarachi man7ebhomechi,positive
ken m3alm leken ala8aleb tkaser meskin tfakrou waget liken fitaraji ya hasra leyem edour ya bikaso ayem zmen hhhhh,positive
mala hana ncharkou mafam 7ata chay wele trab7ou fihom kan jma3t chameil w7ata janoub rahom tab3ini tounisi manich tab3ini libya ok,positive
bellehi 3andi connexion temshi w t9os w yektebli dns mosh correct w changement de reseau  shniya el 7al,positive
oui bravo,positive
,positive
"c'est un joueur qui a perdu
son carriere et mal etudier",positive
lilasef,positive
m'3llem,positive
Ø¨Ø§Ù„Ù„Ù‡ Ø³ÙŠØ¨ÙˆÙ†Ø§ ÙˆÙŠØ²ÙŠ Ù…Ù† Ø§Ù„Ø¥Ø´Ø§Ø¹Ø§Øª,positive
lvgjci,positive
non ğŸ‘ŒğŸ‘Š,positive
chokran darragi,positive
oui,positive
non!! Ù…ÙˆØ´ ØµØ­ÙŠØ¬,positive
ğŸ˜‘ğŸ˜‘,positive
merci.,positive
merci merci merci merci merci merci merci merci merci merci merci merci merci merci merci merci merci merci merci merci merci merci merci merci merci merci merci merci merci merci merci merci merci merci merci merci merci merci merci merci merci merci merci merci merci merci merci merci merci merci merci merci merci merci merci merci merci merci merci merci merci merci merci merci merci merci merci merci merci merci merci merci merci merci merci merci merci merci merci merci merci merci merci merci merci merci merci merci merci merci merci merci merci merci merci merci merci merci merci merci merci merci merci merci merci merci merci merci merci merci merci merci merci merci merci merci merci merci merci merci merci merci merci merci merci merci merci merci merci merci merci merci merci merci merci merci merci merci merci merci merci merci merci merci merci merci merci merci merci merci merci merci merci merci merci merci merci merci merci merci merci merci merci merci merci merci merci merci merci merci merci merci merci merci merci merci merci merci merci merci,positive
