ุนุณูุงูุฉ ุฃูุฑููุฌ ุฑูุฏุช ูุฎูู ุงู puce ูุชุงุนู ุฃูุฑููุฌ ููุช ูููุงูุง ุชุจุฏูุช ุฃูุฑูุฏู ุจูุงูู ูููุงุด ูุจุฏููุง ุชููููู,negative
ุนูุงูุฉ ุฃูุฑูุฌ ุฃุฎู ุจุฏูุชูู ุงูุจูุณ ุฃูุฑูุฏู ูุง ุฎู ูู ุญููุชูุง ูููุชูุง ููุฑูุฌ ูุงูููุช ุดูุก,negative
"ุดููู ุงูู ุถุงุฑุจู ุงูุญูู ููุฉ ุงูู ุจุงูุนู ุจุงุด ููููู a ููุฉ b ููููููู ููุฉ ูุงุดู ููุจุงููู ุงูุดุนุจ ููู ฺจูุงููุทู 
ุจุงุฒ c",negative
ุงูุงุฒุฑู,negative
b,negative
ุจูุชู ููุงุฑุฉ ุนููู ุนูุฏ ูููุงุฏูุง ุงูููู ูู ุนุงู ููู ุจุฃูู ุฎูุฑ,negative
zawji,negative
ุงูุบูู ู ุงูููู,negative
thama ka3ba lelbi3 jdida bakou,negative
bonjour,negative
t9oulou taw terb7ou w mathamma shay๐๐,negative
3amelt ma3koum a7la jaw nachah 3amkoum mabrouk orange,negative
104/105/106/107/108/109/110/111/112/113/114/115/116/117/118/119/120/121/122/123/124/125/126/127/128/129/130/131/132/133/134/135/136/137/138/139/140/141/142/143/144/145/146/147/148/149/150/151,negative
"ุญุณุจูุง ุงููู ููุนู ุงููููู ูู ุงูุฒูุงุฏุงุช 

ุงุนุทูู ุนูู ุฑุงุณูุง ุงูุชููุณู ุฑุงูู ูุงุฒุงู ูุชุญูู",negative
100/125/178/190/200/230/250/310/380/400/420/462/480/509/527/572/617/723/746/783/812/835/850/866/900/920/944/956/966/972/981/992/999,negative
104/105/106/107/108/109/110/111/112/113/114/115/116/117/118/119/120/121/122/123/124/125/126/127/128/129/130/131/132/133/134/135/136/137/138/139/140/141/142/143/144/145/146/147/148/149/150/151,negative
123/543/654/345/876/634/412/432/136/876/453/765/468/853/742/467/252/535/746/743/567/821/432/884/857/858/853/865/858,negative
104/105/106/107/108/109/110/111/112/113/114/115/116/117/118/119/120/121/122/123/124/125/126/127/128/129/130/131/132/133/134/135/136/137/138/139/140/141/142/143/144/145/146/147/148/149/150/151,negative
104/105/106/107/108/109/110/111/112/113/114/115/116/117/118/119/120/121/122/123/124/125/126/127/128/129/130/131/132/133/134/135/136/137/138/139/140/141/142/143/144/145/146/147/148/149/150/151,negative
100/145/243/567/432/876/101/102/103/104/105/106/107/108/109/110/111/112/113/114/115/116/117/118/119/120/,negative
104/105/106/107/108/109/110/111/112/113/114/115/116/117/118/119/120/121/122/123/124/125/126/127/128/129/130/131/132/133/134/135/136/137/138/139/140/141/142/143/144/145/146/147/148/149/150/151,negative
"100
110
120
130
140
150
160
170
180
190
200
210
220
230
240
250
260
270
280
290
300
310
320
330
350
360
370
380
390
400
410
420
430
440
450
460
470
480
490
500",negative
141/654/864/538/.964/147/397/490/748/348/169/980/631/512/112/211/948/638/848/134/653/548/655/799/800/821/569/459.,negative
-110-120-159-160-180-199-201-209-123/543/654/345/876/634/412/432/136/876/453/765/468/853/742/467/252/535/746/743/567/821/432/884/857/858/853/865/858,negative
663.664.665.667.668.669.670.701.702.703.704.705.706.707.708.709.720.811.812.813.815.816.817.818.819.820.901.902.924.933.945.956.968.988.990,negative
100 /110.120.130.140.150.160.170.180.190.200.210.220.230.240.250.260.270 .280.290.300.310.320.330.340.350.360.370.380.390.400.410.420.430.440.450.460.470.480.490.500,negative
123/146/346/124/248/368/432/501/649/761/891/957/165/254/398/419/583/732/876/973/135/294/321/459/529/692/758/846/995,negative
123/543/654/345/876/634/412/432/136/876/453/765/468/853/742/467/252/535/746/743/567/821/432/884/857/858/853/865/858,negative
"100
110
120
130
140
150
160
170
180
190
200
210
220
230
240
250
260
270
280
290
300
310
320
330
350
360
370
380
390
400
410
420
430
440
450
460
470
480
490
500",negative
:_104/105/106/107/108/109/110/111/112/113/114/115/116/117/118/119/120/121/122/123/124/125/126/127/128/129/130/131/132/133/134/135/136/137/138/139/140/141/142/143/144/145/146/147/148/149/150/151,negative
-110-120-159-160-180-199-201-209-123/543/654/345/876/634/412/432/136/876/453/765/468/853/742/467/252/535/746/743/567/821/432/884/857/858/853/865/858,negative
663.664.665.667.668.669.670.701.702.703.704.705.706.707.708.709.720.811.812.813.815.816.817.818.819.820.901.902.924.933.945.956.968.988.990,negative
wallahi ya3tikom el sa77a kifech ta3mlouna el mousab9at wallahi ya3tikom el sa77a ou inchallah nerba7  ou hadha 7oulm 7yeti ken nerba7 marra fi oranges ou bonnes chances lya ou lel nes el koul ๐๐,negative
104/105/106/107/108/109/110/111/112/113/114/115/116/117/118/119/120/121/122/123/124/125/126/127/128/129/130/131/132/133/134/135/136/137/138/139/140/141/142/143/144/145/146/147/148/149/150/151,negative
"ุงูุณู ุจุฃููู ุงูุงู ุงูุณุงู ุณูู ููุงุทุน ุงูููููุณููู  ุนูู ุงูุฒูุงุฏุงุช ูุงูุงุณุชูุฑุงุด ุนูู ุงูุดุนุจ ุงููุณููู ูุนูุจูุง ุงูููููุณููู

ุนูู ููุฑุฉ ุงุณุฃููุง ุงูุฑูุฌ ูุฏุงุด ูุณุชููู ุจุฎูุงู ุงููุงุฏู

ูุงูุจูุงุฏ ูุดุงุช ูู ูุงููุฉ ุงูุฒูุงุฏุงุช ุงูุณู ุงู ูุฑุตุฉ ูู ุงููุฌุฑุฉ ุณูู ุงุฑุญู ูุนู................",negative
104/105/106/107/108/109/110/111/112/113/114/115/116/117/118/119/120/121/122/123/124/125/126/127/128/129/130/131/132/133/134/135/136/137/138/139/140/141/142/143/144/145/146/147/148/149/150/151,negative
104/105/106/107/108/109/110/111/112/113/114/115/116/117/118/119/120/121/122/123/124/125/126/127/128/129/130/131/132/133/134/135/136/137/138/139/140/141/142/143/144/145/146/147/148/149/150/151,negative
104/105/106/107/108/109/110/111/112/113/114/115/116/117/118/119/120/121/122/123/124/125/126/127/128/129/130/131/132/133/134/135/136/137/138/139/140/141/142/143/144/145/146/147/148/149/150/151,negative
104/105/106/107/108/109/110/111/112/113/114/115/116/117/118/119/120/121/122/123/124/125/126/127/128/129/130/131/132/133/134/135/136/137/138/139/140/141/142/143/144/145/146/147/148/149/150/151,negative
104/105/106/107/108/109/110/111/112/113/114/115/116/117/118/119/120/121/122/123/124/125/126/127/128/129/130/131/132/133/134/135/136/137/138/139/140/141/142/143/144/145/146/147/148/149/150/151,negative
104/105/106/107/108/109/110/111/112/113/114/115/116/117/118/119/120/121/122/123/124/125/126/127/128/129/130/131/132/133/134/135/136/137/138/139/140/141/142/143/144/145/146/147/148/149/150/151,negative
ูู ุนุงู ูุงูุช ุจุฎูุฑ ู ุงูุดุงุก ุงููู ูุชุนุฏู ุนููู ุนุงู ุญูู ู ููู ูุฑุญุฉ 344,negative
104/105/106/107/108/109/110/111/112/113/114/115/116/117/118/119/120/121/122/123/124/125/126/127/128/129/130/131/132/133/134/135/136/137/138/139/140/141/142/143/144/145/146/147/148/149/150/151,negative
375 /121/123/145/323/632/961/134/234/671/231/543/987/543/321/134/456/876/654/238/199/187/285/321/453/456/478/567/543/171/122/,negative
104/105/106/107/108/109/110/111/112/113/114/115/116/117/118/119/120/121/122/123/124/125/126/127/128/129/130/131/132/133/134/135/136/137/138/139/140/141/142/143/144/145/146/147/148/149/150/151,negative
104/105/106/107/108/109/110/111/112/113/114/115/116/117/118/119/120/121/122/123/124/125/126/127/128/129/130/131/132/133/134/135/136/137/138/139/140/141/142/143/144/145/146/147/148/149/150/151,negative
104/105/106/107/108/109/110/111/112/113/114/115/116/117/118/119/120/121/122/123/124/125/126/127/128/129/130/131/132/133/134/135/136/137/138/139/140/141/142/143/144/145/146/147/148/149/150/151,negative
104/105/106/107/108/109/110/111/112/113/114/115/116/117/118/119/120/121/122/123/124/125/126/127/128/129/130/131/132/133/134/135/136/137/138/139/140/141/142/143/144/145/146/147/148/149/150/151,negative
104/105/106/107/108/109/110/111/112/113/114/115/116/117/118/119/120/121/122/123/124/125/126/127/128/129/130/131/132/133/134/135/136/137/138/139/140/141/142/143/144/145/146/147/148/149/150/151,negative
104/105/106/107/108/109/110/111/112/113/114/115/116/117/118/119/120/121/122/123/124/125/126/127/128/129/130/131/132/133/134/135/136/137/138/139/140/141/142/143/144/145/146/147/148/149/150/151,negative
104/105/106/107/108/109/110/111/112/113/114/115/116/117/118/119/120/121/122/123/124/125/126/127/128/129/130/131/132/133/134/135/136/137/138/139/140/141/142/143/144/145/146/147/148/149/150/151,negative
104/105/106/107/108/109/110/111/112/113/114/115/116/117/118/119/120/121/122/123/124/125/126/127/128/129/130/131/132/133/134/135/136/137/138/139/140/141/142/143/144/145/146/147/148/149/150/151,negative
104/105/106/107/108/109/110/111/112/113/114/115/116/117/118/119/120/121/122/123/124/125/126/127/128/129/130/131/132/133/134/135/136/137/138/139/140/141/142/143/144/145/146/147/148/149/150/151,negative
104/105/106/107/108/109/110/111/112/113/114/115/116/117/118/119/120/121/122/123/124/125/126/127/128/129/130/131/132/133/134/135/136/137/138/139/140/141/142/143/144/145/146/147/148/149/150/151,negative
010/011/013/014/015/016/017/018/019/020/021/022/023/024/025/026/027/028/029/030/031/032/033/034/035/036/037/038/039/040/041/042/043/044/045/046/047/048/049/050/051/052/053/054/055/056/057/058/059/060,negative
ุงูุฑููุฌ ูุฐู ุงูุซุฑ ุดุฑูุฉ ุชุณุฑุงู ูู ููููุณ ู ูู ุดู ูุง ูุฒูุฏ ุฑูุฒู ูุถูุญุฉ ู ููููุณููู ูุฐููุง ููุชููู ุงุณูุชู ููุงุฑ ููู ูููุง ูุณุฑูู,negative
"ุงููุง ุงูุฑููุฌ
ูุญุจ ูููู ุงูุฑููุฌ ูุงูู ุฎุงููู ุนูุงูุง ูุฑูุช 
ุฒุนูุง ุตุญูุญ ุงูู ุชูุงู ุนูู ุดุจูุชููุ
ูุดูุฑุง",negative
ุฅูู ูุนุฑุถูู ูููู ูููุงู ุฑุงุณ ุงูุนุงู ุนูู ุฃุณุงุณ ุฃูู ูุฑูุฉ ุฑูุงุถ ุจูุฏููุงุฑ  ๐๐๐,negative
ุฑุงูุฏ,negative
ุงูู ุญุงุฌุฉ ุบุฏูุฉ ูููู ๐๐๐๐๐๐๐๐๐ ูุฌุฑู ุนูู ุชูููู ุงูุนุทุงุฑ ูุดุฑู ูุทูุฑ ูู ุฏุงุฑ ุงู ุจุนุฏ ูุจุฏุฃ ุงููุดูุงุฑ ูู ุฎุถุงุฑ ูู ุฌุฒุงุฑ ูุงู ุบูุงู ุงููู ุนุงุฏ ุงูุช ูุจุงู ูุฒูุฏ ูููู ูุดุฑู ุฌูุงู ูุงู ููุฌููุฉ ุชุณุชูู ูุง ููุงู ุญุงุตููู ููุง ุญุงู ุุุูููุง ูุฑูุชู ูุง ูุณูููุฉ ูุตูุฑู ููุฌููุฉ.ุงูุง ุนุงููู ูุจุฑูู ุงููุงุณ ูู ูุชููุงููู ููู ูู ุฎูุฑ ุงูุดุงุก ุงููู,negative
lyoum ichlsi ou li bjnbha,negative
"ุงูุณู ุจุงููู ุญุฑุงู ูู ููุณ ุจูุฏูุนู ุงููู 
ูุด ุญุฑุงู ุงูุชุฑูุช ููู ุณุฑุนุชู ุุ",negative
ุจุชูุณูุท ููุง ูููุงุด,negative
9albi sa8ir le yeta7amel ๐๐ข,negative
ุฃูุงู ูุถุช ุนุดูุงูุง ุจุญูููุง ู ุญุฒููุง ุฃูููุง ููุฑุญุชูุง ููุง ุฑุจ ูุฒุฑ ุฏุฑุจ ุฌููุน ุงูุฎูู ู ุฅุฌุนู 2018 ููุฑ ุญุงููุง ูุนู ูุฑุญุฉ ููุฌููุน ู ุจุณูุฉ ูู ุงููุฌูู ุงูุชู ููุช ูููุช ููู ูุดุงุบู ุงูุฏููุง ุชุนุจุช ู ูู ุชุจุงูู..... ุจุณูุฉ ุชูุณููุง ูููููุง ุงูู ุนุงู ุงูุณุงุก ุงููู ูู ุนุงู ู ุงูุนุฑุจ ุจุฎูุฑ,negative
ูุง ูุญู ูุฏุนูุง ุนุงูุงู ููุณุชูุจู ุฃุฎุฑ ุฌุฏูุฏุง 2018ูุ ูุณุฃู ุงููู ุงููุบูุฑุฉ ุนูุง ุณูู ููุถู ูุงููุฏุงูุฉ ูุงูุชูููู ูููุง ูุณุชูุจูุ ุฅููุง ูุฐู ุงูุญูุงุฉ ูุฏุงุฑู ูุฏุฎููุง ุงููุฑุก ูู ุจุงุจ ููุฎุฑุฌ ูู ุงูุจุงุจ ุงูุขุฎุฑ ุฅููุง ูุธู ุดุฌุฑุฉ ูููู ููู ุงููุฑุก ุซู ุณุฑุนุงู ูุง ูุณุชููุธุ ุฃูุง ุชุฑูู ููู ุชูุตุฑู ุฃูุงููุงุ ูููู ุชููุถู ุฃุนูุงููุงุ ูุฅููุง ูู ููุณ ูุงุญุฏุฉ ููุง ูุฑุตุฉ ูุงุญุฏุฉ ูุงูุธุฑูุง ุฃูู ุชูุถุน ูุฐู ุงูููุณ ููู ุฃู ุงุชุฌุงู ุชูุถู ูุฐู ุงููุฑุตุฉ,negative
"sรธuhฤila b'azรฎzรฃ rihab ben hmida
jarebt gbalkom w chay ta ta3you wentom terb7ou hhhhh eli zahrou bel mrama ymout fi stal ba8li wjouhna mech mta3 reb7 ๐ hhhhhh",negative
ุฃูุงู ูุถุช ุนุดูุงูุง ุจุญูููุง ู ุญุฒููุง ุฃูููุง ููุฑุญุชูุง ููุง ุฑุจ ููุฑ ุฏุฑุจ ุฌููุน ุงูุฎูู ู ุฅุฌุนู 2018 ููุฑ ุญุงููุง ูุนู ูุฑุญุฉ ููุฌููุน ู ุจุณูุฉ ูู ุงููุฌูู ุงูุชู ููุช ูููุช ููู ูุดุงุบู ุงูุฏููุง ุชุนุจุช ู ูู ุชุจุงูู..... ุจุณูุฉ ุชูุณููุง ูููููุง ุงูู ุนุงู ุงูุณุงุก ุงููู ูู ุนุงู ู ุงูุนุฑุจ ุจุฎูุฑ,negative
ูุง ูุญู ูุฏุนูุง ุนุงูุงู 2017ููุณุชูุจู ุฃุฎุฑ ุฌุฏูุฏุงู 2018ุ ูุณุฃู ุงููู ุงููุบูุฑุฉ ุนูุง ุณูู ููุถู ูุงููุฏุงูุฉ ูุงูุชูููู ูููุง ูุณุชูุจูุ ุฅููุง ูุฐู ุงูุญูุงุฉ ูุฏุงุฑู ูุฏุฎููุง ุงููุฑุก ูู ุจุงุจ ููุฎุฑุฌ ูู ุงูุจุงุจ ุงูุขุฎุฑ ุฅููุง ูุธู ุดุฌุฑุฉ ูููู ููู ุงููุฑุก ุซู ุณุฑุนุงู ูุง ูุณุชููุธุ ุฃูุง ุชุฑูู ููู ุชูุตุฑู ุฃูุงููุงุ ูููู ุชููุถู ุฃุนูุงููุงุ ูุฅููุง ูู ููุณ ูุงุญุฏุฉ ููุง ูุฑุตุฉ ูุงุญุฏุฉ ูุงูุธุฑูุง ุฃูู ุชูุถุน ูุฐู ุงูููุณ ููู ุฃู ุงุชุฌุงู ุชูุถู ูุฐู ุงููุฑุตุฉ,negative
ูุง ูุญู ูุฏุนูุง ุนุงูุงู 2017ููุณุชูุจู ุฃุฎุฑ ุฌุฏูุฏุงู 2018ุ ูุณุฃู ุงููู ุงููุบูุฑุฉ ุนูุง ุณูู ููุถู ูุงููุฏุงูุฉ ูุงูุชูููู ูููุง ูุณุชูุจูุ ุฅููุง ูุฐู ุงูุญูุงุฉ ูุฏุงุฑู ูุฏุฎููุง ุงููุฑุก ูู ุจุงุจ ููุฎุฑุฌ ูู ุงูุจุงุจ ุงูุขุฎุฑ ุฅููุง ูุธู ุดุฌุฑุฉ ูููู ููู ุงููุฑุก ุซู ุณุฑุนุงู ูุง ูุณุชููุธุ ุฃูุง ุชุฑูู ููู ุชูุตุฑู ุฃูุงููุงุ ูููู ุชููุถู ุฃุนูุงููุงุ ูุฅููุง ูู ููุณ ูุงุญุฏุฉ ููุง ูุฑุตุฉ ูุงุญุฏุฉ ูุงูุธุฑูุง ุฃูู ุชูุถุน ูุฐู ุงูููุณ ููู ุฃู ุงุชุฌุงู ุชูุถู ูุฐู ุงููุฑุตุฉ,negative
"ูู ุนูู ุญุงูุฉ ุฏูุณูุจุฑ ... ูุงุจุชุณู ูุณูุฉ ุฑุงุญูุฉ...
ุงูุณู ูู ุฃุณุงุก ุฅููู ... ูุงุณุชูุจู ูู ุฃุฑุงุฏ ุงูุฏุฎูู ุจุญูุงุชู ุจุญุจ
ูู ููุฑุงุญููู ูุฏุงุนุง .... ููููุงุฏููู ุฃููุง ....
ุฅุฌุนู ุงูุณูุฉ ุงูุฑุงุญูุฉ ููุงูุฉ ูุตุฉ ูุคููุฉ... ูุจุฏุงูุฉ ูุตุฉ ุณุนูุฏุฉ
ูุงุชุนูู ุงูุณูุฉ ุงูุฑุงุญูุฉ ุจุฃุญุจุงู ุงูุณูุฉ ุงููุงุฏูุฉ...
ุชูุงุกููุง ุจุงูุฎูุฑ ุชุฌุฏูู.. ุจุชููุงููู ุนุงู ุฌุฏูุฏ ููู ุฎูุฑ ..!",negative
"ูุง ูุญู ูุฏุนูุง ุนุงูุงู 2017ููุณุชูุจู ุฃุฎุฑ ุฌุฏูุฏุงู 2018ุ ูุณุฃู ุงููู ุงููุบูุฑุฉ ุนูุง ุณูู ููุถู ูุงููุฏุงูุฉ ูุงูุชูููู ูููุง ูุณุชูุจูุ ุฅููุง ูุฐู ุงูุญูุงุฉ ูุฏุงุฑู ูุฏุฎููุง ุงููุฑุก ูู ุจุงุจ ููุฎุฑุฌ ูู ุงูุจุงุจ ุงูุขุฎุฑ ุฅููุง ูุธู ุดุฌุฑุฉ ูููู ููู ุงููุฑุก ุซู ุณุฑุนุงู ูุง ูุณุชููุธุ ุฃูุง ุชุฑูู ููู ุชูุตุฑู ุฃูุงููุงุ ูููู ุชููุถู ุฃุนูุงููุงุ ูุฅููุง ูู ููุณ ูุงุญุฏุฉ ููุง ูุฑุตุฉ ูุงุญุฏุฉ ูุงูุธุฑูุง ุฃูู ุชูุถุน ูุฐู ุงูููุณ ููู ุฃู ุงุชุฌุงู ุชูุถู ูุฐู ุงููุฑุตุฉ
2018-2018-2018-2018-2018-2018-2018-2018-2018 3am lkhir nchllh :*",negative
"ูู ุนูู ุญุงูุฉ ุฏูุณูุจุฑ ... ูุงุจุชุณู ูุณูุฉ ุฑุงุญูุฉ...
ุงูุณู ูู ุฃุณุงุก ุฅููู ... ูุงุณุชูุจู ูู ุฃุฑุงุฏ ุงูุฏุฎูู ุจุญูุงุชู ุจุญุจ
ูู ููุฑุงุญููู ูุฏุงุนุง .... ููููุงุฏููู ุฃููุง ....
ุฅุฌุนู ุงูุณูุฉ ุงูุฑุงุญูุฉ ููุงูุฉ ูุตุฉ ูุคููุฉ... ูุจุฏุงูุฉ ูุตุฉ ุณุนูุฏุฉ
ูุงุชุนูู ุงูุณูุฉ ุงูุฑุงุญูุฉ ุจุฃุญุจุงู ุงูุณูุฉ ุงููุงุฏูุฉ...
ุชูุงุกููุง ุจุงูุฎูุฑ ุชุฌุฏูู.. ุจุชููุงููู ุนุงู ุฌุฏูุฏ ููู ุฎูุฑ ..!",negative
ูุง ูุญู ูุฏุนูุง ุนุงูุงู 2017ููุณุชูุจู ุฃุฎุฑ ุฌุฏูุฏุงู 2018ุ ูุณุฃู ุงููู ุงููุบูุฑุฉ ุนูุง ุณูู ููุถู ูุงููุฏุงูุฉ ูุงูุชูููู ูููุง ูุณุชูุจูุ ุฅููุง ูุฐู ุงูุญูุงุฉ ูุฏุงุฑู ูุฏุฎููุง ุงููุฑุก ูู ุจุงุจ ููุฎุฑุฌ ูู ุงูุจุงุจ ุงูุขุฎุฑ ุฅููุง ูุธู ุดุฌุฑุฉ ูููู ููู ุงููุฑุก ุซู ุณุฑุนุงู ูุง ูุณุชููุธุ ุฃูุง ุชุฑูู ููู ุชูุตุฑู ุฃูุงููุงุ ูููู ุชููุถู ุฃุนูุงููุงุ ูุฅููุง ูู ููุณ ูุงุญุฏุฉ ููุง ูุฑุตุฉ ูุงุญุฏุฉ ูุงูุธุฑูุง ุฃูู ุชูุถุน ูุฐู ุงูููุณ ููู ุฃู ุงุชุฌุงู ุชูุถู ูุฐู ุงููุฑุตุฉ,negative
ูุง ูุญู ูุฏุนูุง ุนุงูุงู 2017ููุณุชูุจู ุฃุฎุฑ ุฌุฏูุฏุงู 2018ุ ูุณุฃู ุงููู ุงููุบูุฑุฉ ุนูุง ุณูู ููุถู ูุงููุฏุงูุฉ ูุงูุชูููู ูููุง ูุณุชูุจูุ ุฅููุง ูุฐู ุงูุญูุงุฉ ูุฏุงุฑู ูุฏุฎููุง ุงููุฑุก ูู ุจุงุจ ููุฎุฑุฌ ูู ุงูุจุงุจ ุงูุขุฎุฑ ุฅููุง ูุธู ุดุฌุฑุฉ ูููู ููู ุงููุฑุก ุซู ุณุฑุนุงู ูุง ูุณุชููุธุ ุฃูุง ุชุฑูู ููู ุชูุตุฑู ุฃูุงููุงุ ูููู ุชููุถู ุฃุนูุงููุงุ ูุฅููุง ูู ููุณ ูุงุญุฏุฉ ููุง ูุฑุตุฉ ูุงุญุฏุฉ ูุงูุธุฑูุง ุฃูู ุชูุถุน ูุฐู ุงูููุณ ููู ุฃู ุงุชุฌุงู ุชูุถู ูุฐู ุงููุฑุตุฉ,negative
"ุฃูุงู ูุถุช ุนุดูุงูุง ุจุญูููุง ู ุญุฒููุง ุฃูููุง ููุฑุญุชูุง ููุง ุฑุจ ูุฒุฑ ุฏุฑุจ ุฌููุน ุงูุฎูู ู ุฅุฌุนู 2018 ููุฑ ุญุงููุง ูุนู ูุฑุญุฉ ููุฌููุน ู ุจุณูุฉ ูู ุงููุฌูู ุงูุชู ููุช ูููุช ููู ูุดุงุบู ุงูุฏููุง ุชุนุจุช ู ูู ุชุจุงูู..... ุจุณูุฉ ุชูุณููุง ูููููุง ุงูู ุนุงู ุงูุณุงุก ุงููู ูู ุนุงู ู ุงูุนุฑุจ ุจุฎูุฑ
ู ูุง ูุญู ูุฏุนูุง ุนุงูุงู 2017ููุณุชูุจู ุฃุฎุฑ ุฌุฏูุฏุงู 2018ุ ูุณุฃู ุงููู ุงููุบูุฑุฉ ุนูุง ุณูู ููุถู ูุงููุฏุงูุฉ ูุงูุชูููู ูููุง ูุณุชูุจูุ ุฅููุง ูุฐู ุงูุญูุงุฉ ูุฏุงุฑู ูุฏุฎููุง ุงููุฑุก ูู ุจุงุจ ููุฎุฑุฌ ูู ุงูุจุงุจ ุงูุขุฎุฑ ุฅููุง ูุธู ุดุฌุฑุฉ ูููู ููู ุงููุฑุก ุซู ุณุฑุนุงู ูุง ูุณุชููุธุ ุฃูุง ุชุฑูู ููู ุชูุตุฑู ุฃูุงููุงุ ูููู ุชููุถู ุฃุนูุงููุงุ ูุฅููุง ูู ููุณ ูุงุญุฏุฉ ููุง ูุฑุตุฉ ูุงุญุฏุฉ ูุงูุธุฑูุง ุฃูู ุชูุถุน ูุฐู ุงูููุณ ููู ุฃู ุงุชุฌุงู ุชูุถู ูุฐู ุงููุฑุตุฉ",negative
ูุง ูุญู ูุฏุนูุง ุนุงูุงู 2017ููุณุชูุจู ุฃุฎุฑ ุฌุฏูุฏุงู 2018ุ ูุณุฃู ุงููู ุงููุบูุฑุฉ ุนูุง ุณูู ููุถู ูุงููุฏุงูุฉ ูุงูุชูููู ูููุง ูุณุชูุจูุ ุฅููุง ูุฐู ุงูุญูุงุฉ ูุฏุงุฑู ูุฏุฎููุง ุงููุฑุก ูู ุจุงุจ ููุฎุฑุฌ ูู ุงูุจุงุจ ุงูุขุฎุฑ ุฅููุง ูุธู ุดุฌุฑุฉ ูููู ููู ุงููุฑุก ุซู ุณุฑุนุงู ูุง ูุณุชููุธุ ุฃูุง ุชุฑูู ููู ุชูุตุฑู ุฃูุงููุงุ ูููู ุชููุถู ุฃุนูุงููุงุ ูุฅููุง ูู ููุณ ูุงุญุฏุฉ ููุง ูุฑุตุฉ ูุงุญุฏุฉ ูุงูุธุฑูุง ุฃูู ุชูุถุน ูุฐู ุงูููุณ ููู ุฃู ุงุชุฌุงู ุชูุถู ูุฐู ุงููุฑุตุฉ,negative
ูุง ูุญู ูุฏุนูุง ุนุงูุงู 2017ููุณุชูุจู ุฃุฎุฑ ุฌุฏูุฏุงู 2018ุ ูุณุฃู ุงููู ุงููุบูุฑุฉ ุนูุง ุณูู ููุถู ูุงููุฏุงูุฉ ูุงูุชูููู ูููุง ูุณุชูุจูุ ุฅููุง ูุฐู ุงูุญูุงุฉ ูุฏุงุฑู ูุฏุฎููุง ุงููุฑุก ูู ุจุงุจ ููุฎุฑุฌ ูู ุงูุจุงุจ ุงูุขุฎุฑ ุฅููุง ูุธู ุดุฌุฑุฉ ูููู ููู ุงููุฑุก ุซู ุณุฑุนุงู ูุง ูุณุชููุธุ ุฃูุง ุชุฑูู ููู ุชูุตุฑู ุฃูุงููุงุ ูููู ุชููุถู ุฃุนูุงููุงุ ูุฅููุง ูู ููุณ ูุงุญุฏุฉ ููุง ูุฑุตุฉ ูุงุญุฏุฉ ูุงูุธุฑูุง ุฃูู ุชูุถุน ูุฐู ุงูููุณ ููู ุฃู ุงุชุฌุงู ุชูุถู ูุฐู ุงููุฑุตุฉ,negative
"ูู ุนูู ุญุงูุฉ ุฏูุณูุจุฑ ... ูุงุจุชุณู ูุณูุฉ ุฑุงุญูุฉ...
ุงูุณู ูู ุฃุณุงุก ุฅููู ... ูุงุณุชูุจู ูู ุฃุฑุงุฏ ุงูุฏุฎูู ุจุญูุงุชู ุจุญุจ
ูู ููุฑุงุญููู ูุฏุงุนุง .... ููููุงุฏููู ุฃููุง ....
ุฅุฌุนู ุงูุณูุฉ ุงูุฑุงุญูุฉ ููุงูุฉ ูุตุฉ ูุคููุฉ... ูุจุฏุงูุฉ ูุตุฉ ุณุนูุฏุฉ
ูุงุชุนูู ุงูุณูุฉ ุงูุฑุงุญูุฉ ุจุฃุญุจุงู ุงูุณูุฉ ุงููุงุฏูุฉ...
ุชูุงุกููุง ุจุงูุฎูุฑ ุชุฌุฏูู.. ุจุชููุงููู ุนุงู ุฌุฏูุฏ ููู ุฎูุฑ ..!",negative
ูุง ูุญู ูุฏุนูุง ุนุงูุงู 2017ููุณุชูุจู ุฃุฎุฑ ุฌุฏูุฏุงู 2018ุ ูุณุฃู ุงููู ุงููุบูุฑุฉ ุนูุง ุณูู ููุถู ูุงููุฏุงูุฉ ูุงูุชูููู ูููุง ูุณุชูุจูุ ุฅููุง ูุฐู ุงูุญูุงุฉ ูุฏุงุฑู ูุฏุฎููุง ุงููุฑุก ูู ุจุงุจ ููุฎุฑุฌ ูู ุงูุจุงุจ ุงูุขุฎุฑ ุฅููุง ูุธู ุดุฌุฑุฉ ูููู ููู ุงููุฑุก ุซู ุณุฑุนุงู ูุง ูุณุชููุธุ ุฃูุง ุชุฑูู ููู ุชูุตุฑู ุฃูุงููุงุ ูููู ุชููุถู ุฃุนูุงููุงุ ูุฅููุง ูู ููุณ ูุงุญุฏุฉ ููุง ูุฑุตุฉ ูุงุญุฏุฉ ูุงูุธุฑูุง ุฃูู ุชูุถุน ูุฐู ุงูููุณ ููู ุฃู ุงุชุฌุงู ุชูุถู ูุฐู ุงููุฑุตุฉ,negative
"ูู ุฃุญูู ููู ุจุงูุดูุฑ

ุญุจูุช ุฃุณุจู ุงูุจุดุฑ

ูุฃููู ุฃูู ุงููู ุฃุญูู ูู ุงูููุฑ

ูุฃุบูู ูู ุงููุธุฑ

ูุฃุจุงุฑู ููุง ุจููู ูููุงุฏ ุงูุนูุฑ

ูุฃุทูุจ ูู ุฑุจู ูุญูุธูุง ุทูู ุงูุฏูุฑ

ูุฃููููุง ูู ุนุงู ูุงูุชู ุจุฎูุฑ ูุนูุจุงู ุจูููู ุนูุฑ

ูุง ุทููุฑ ุงูุณูุงู ูุฑู ุนูููู

ูุจุงูุนุงู ุงูุฌุฏูุฏ ููููู

ูุฎุจุฑููู ุฅูู ุฃุฏุนูููู

ุจุณูุฉ ุฎูุฑ

ูุฑุจู ูุญูู ุฃูุงูููู

ุงุญูู ูุญุธู ูู ุญูุงุชู ุงุณูุนู ุชููู ูู ุนุงู ูุงูุช ุจุฎูุฑ

 ุจููุงุณุจุฉ ุงูุนุงู ุงููููุงุฏู ุงูุฌุฏูุฏ  2018

ุชูุฆูุฉ ูููุงูุฉ ุนุทุฑ ูุฒูุฑ ููู ุฃุฑุณููุง ุจูุฏูู ุนุงู 2018 ูุฃููู ูุจู ุงููู 

 ูู ุนุงู ูุฃูุชู ุจุฎูุฑ

ููุบุงููู ุจุณ

ุงููู ุฃุญุจูู ููุญุจููู

ูู ุนุงู ูุฅูุชูุง ุจุฎูุฑ

ุจุงูุณูุฉ ุงูุฌุฏูุฏุฉ

๐ ๐ ๐

โูู ุนุงู ูุฃูุชู ุจุฃูู ุจุฎูุฑ ๐",negative
"ูู ุนูู ุญุงูุฉ ุฏูุณูุจุฑ ... ูุงุจุชุณู ูุณูุฉ ุฑุงุญูุฉ...
ุงูุณู ูู ุฃุณุงุก ุฅููู ... ูุงุณุชูุจู ูู ุฃุฑุงุฏ ุงูุฏุฎูู ุจุญูุงุชู ุจุญุจ
ูู ููุฑุงุญููู ูุฏุงุนุง .... ููููุงุฏููู ุฃููุง ....
ุฅุฌุนู ุงูุณูุฉ ุงูุฑุงุญูุฉ ููุงูุฉ ูุตุฉ ูุคููุฉ... ูุจุฏุงูุฉ ูุตุฉ ุณุนูุฏุฉ
ูุงุชุนูู ุงูุณูุฉ ุงูุฑุงุญูุฉ ุจุฃุญุจุงู ุงูุณูุฉ ุงููุงุฏูุฉ...
ุชูุงุกููุง ุจุงูุฎูุฑ ุชุฌุฏูู.. ุจุชููุงููู ุนุงู ุฌุฏูุฏ ููู ุฎูุฑ ..!",negative
ูุง ูุญู ูุฏุนูุง ุนุงูุงู 2017ููุณุชูุจู ุฃุฎุฑ ุฌุฏูุฏุงู 2018ุ ูุณุฃู ุงููู ุงููุบูุฑุฉ ุนูุง ุณูู ููุถู ูุงููุฏุงูุฉ ูุงูุชูููู ูููุง ูุณุชูุจูุ ุฅููุง ูุฐู ุงูุญูุงุฉ ูุฏุงุฑู ูุฏุฎููุง ุงููุฑุก ูู ุจุงุจ ููุฎุฑุฌ ูู ุงูุจุงุจ ุงูุขุฎุฑ ุฅููุง ูุธู ุดุฌุฑุฉ ูููู ููู ุงููุฑุก ุซู ุณุฑุนุงู ูุง ูุณุชููุธุ ุฃูุง ุชุฑูู ููู ุชูุตุฑู ุฃูุงููุงุ ูููู ุชููุถู ุฃุนูุงููุงุ ูุฅููุง ูู ููุณ ูุงุญุฏุฉ ููุง ูุฑุตุฉ ูุงุญุฏุฉ ูุงูุธุฑูุง ุฃูู ุชูุถุน ูุฐู ุงูููุณ ููู ุฃู ุงุชุฌุงู ุชูุถู ูุฐู ุงููุฑุตุฉ,negative
ูุง ูุญู ูุฏุนูุง ุนุงูุงู 2017ููุณุชูุจู ุฃุฎุฑ ุฌุฏูุฏุงู 2018ุ ูุณุฃู ุงููู ุงููุบูุฑุฉ ุนูุง ุณูู ููุถู ูุงููุฏุงูุฉ ูุงูุชูููู ูููุง ูุณุชูุจูุ ุฅููุง ูุฐู ุงูุญูุงุฉ ูุฏุงุฑู ูุฏุฎููุง ุงููุฑุก ูู ุจุงุจ ููุฎุฑุฌ ูู ุงูุจุงุจ ุงูุขุฎุฑ ุฅููุง ูุธู ุดุฌุฑุฉ ูููู ููู ุงููุฑุก ุซู ุณุฑุนุงู ูุง ูุณุชููุธุ ุฃูุง ุชุฑูู ููู ุชูุตุฑู ุฃูุงููุงุ ูููู ุชููุถู ุฃุนูุงููุงุ ูุฅููุง ูู ููุณ ูุงุญุฏุฉ ููุง ูุฑุตุฉ ูุงุญุฏุฉ ูุงูุธุฑูุง ุฃูู ุชูุถุน ูุฐู ุงูููุณ ููู ุฃู ุงุชุฌุงู ุชูุถู ูุฐู ุงููุฑุตุฉ,negative
ูุง ูุญู ูุฏุนูุง ุนุงูุงู ููุณุชูุจู ุฃุฎุฑ ุฌุฏูุฏุง 2018ูุ ูุณุฃู ุงููู ุงููุบูุฑุฉ ุนูุง ุณูู ููุถู ูุงููุฏุงูุฉ ูุงูุชูููู ูููุง ูุณุชูุจูุ ุฅููุง ูุฐู ุงูุญูุงุฉ ูุฏุงุฑู ูุฏุฎููุง ุงููุฑุก ูู ุจุงุจ ููุฎุฑุฌ ูู ุงูุจุงุจ ุงูุขุฎุฑ ุฅููุง ูุธู ุดุฌุฑุฉ ูููู ููู ุงููุฑุก ุซู ุณุฑุนุงู ูุง ูุณุชููุธุ ุฃูุง ุชุฑูู ููู ุชูุตุฑู ุฃูุงููุงุ ูููู ุชููุถู ุฃุนูุงููุงุ ูุฅููุง ูู ููุณ ูุงุญุฏุฉ ููุง ูุฑุตุฉ ูุงุญุฏุฉ ูุงูุธุฑูุง ุฃูู ุชูุถุน ูุฐู ุงูููุณ ููู ุฃู ุงุชุฌุงู ุชูุถู ูุฐู ุงููุฑุตุฉ,negative
"ู ุงูุง ุฎุฐูุช ู ุทูุน ุงูุชุงููููู ููุณุฑ  ู ุฑุฌุนุชู ูุฑุชูู ููุถูุงู ู ูู ุงูุงุฎูุฑ ุชุงููููู ููุณุฑ ู ูุงูููู ุงุณุชุนูู ุงูุฎุท ูู ุชุงููููู ุงุฎุฑ 
ูุงูุง ุงูุง ุนูุงุด ุดุฑูุชู ุงูุชุงููููู 
ุจุงูุบุด ูุณุฑ ุงูุชุงููููู ู ุงูุฎุท ู ุชูุง ูุงูููู ูุณุงูุฉ ุงูุช ุญู ุงูุชุงููููู ุจุงููู ููู ููุตูููุง ููุงูู ุงููุชุญุฏุฉ ู ุงูููุง ุตุงุญุจ ุงูุจูุชูู ูู ุจุงูู ูุง ุฎุตุฑ ุนููุง ูุงู ุงููู ุบุงูุจ ุงุฎุชู ูู ุฒูุฑู ุงููุนุจุฉ ููุณุฑุฉ ุงูู ุฎุฐูุชูุง",negative
ุงูุง ูุงุฎุฐูููุง ุนู ุทุฑูู ุงููุฏุงุฏูุฉ ูุชุน ูุฒุงุฑุฉ ุงูุชุฑุจูุฉููููู ุงูุงูุชุฑูุงุช ูุฌุงูู ูุดูุฑ ูุงูู ููุนุทูู ุงุณุจูุน ูููุณู ุนููู,negative
ูุญุจ ูุนุฑู ุนูุงุด ูู ูููุง ุงูููุฑูุงู ูุชุงุน ุงูุงูุชุฑูุงุช ููุดูู ุฏูุฑุงูุช ููุตููู ูุงูุตููุฏุ ูุงู ูุง ุงููู ููุด ุชุจุนุซูู ููุณุงุฌ ู ุชูุดูู ุฌุฑูุฉ ููุตููุฏ. ูุฐู ุงุณููุง ุชุญูู.,negative
ูุญุจ ูุนุฑู ุนูุงุด ูู ูููุง ุงูููุฑูุงู ูุชุงุน ุงูุงูุชุฑูุงุช ููุดูู ุฏูุฑุงูุช ููุตููู ูุงูุตููุฏุ ูุงู ูุง ุงููู ููุด ุชุจุนุซูู ููุณุงุฌ ู ุชูุดูู ุฌุฑูุฉ ููุตููุฏ. ูุฐู ุงุณููุง ุชุญูู.,negative
ุงูุฌู ูุดุฑู ุนู ุทุฑูู ูุฏุงุฏูุฉ ูุฒุงุฑุฉ ุงูุชุฑุจูุฉุ,negative
ูุฏุงุด ูููุณ ุจุงููู,negative
ุงูููู ุงุญูู ุงููุณุฌุฏ ุงูุฃูุตู ููุฒูุฒู ุงูุฃุฑุถ ุชุญุช ุฃูุฏุงู ุฃุนุฏุงุก ุงูุฏูู ูุง ุฑุจ ุงูุนุงูููู,negative
"ุฃูููุชู ููุงุงุงุงุจู ุงูุจุงุฌู ู ูููู ูุฌู ููุฌู 
ูุนุทูู ุญู ุญุฌุฉ ู ุฃุนุชููุงุงุงุงุง ุฑุงู ูุงุงุงุง ุนููุช ุดูุก ูุจุทุงูุฉ ุนูู ุนุฌูุฉ ุุงููุณุงุฏ ุจุงููุดุทุฉ ุงูุณุฑุงู ุญุฏุซ ููุง ุญุฑุฌ ....ุฅูุฎ ุบููุช ุนูููุงุงุง ุงูุฎุจุฒุฉ ุญุณูุชู ุชุญุจ ุชุนุฑุณ ุจุงูุชููุณูุงุงุงุช ุงููู ู ูุงูุฃุฎุฑ ูุตูุญุฉ ูุจูุงุฏ ููุด  ุญููู ุงููุฑุฃุฉ๐",negative
"ูุญู ุฎุงุตูุฉ ุงูุฑุณุงุฆู ุงูุฏุงูุนุฉ message push ุฃู ููุง ุชุณูููุง smart message 
ุฅููู ุนุงููุฉ ุณุชุฑุงุณ ููุนุจุงุฏ ูููู ูุงุนุฏ ูุฌูู ุฑุณุงูุฉ ููุฒู ููุงูู ุจุงูุบูุท ูุทูุฑู ุฒูุฒ ูุฑูู ุงููุณูุจุฉ .. ุฑุณุงุฆู ุชูุชูู ุญุฑูุฉ ุงููุงุชู ุงูุฌูุงู ู ุทุฑููุฉ ุฑุฎูุตุฉ ูููุณุจ .",negative
ุงุชููู ุณูุฉ ุงุฏุงุฑูุฉ ุณุนูุฏุฉ ูููุง ุงูู ูุงุณุชูุฑุงุฑ ููููุง ุงูุชุตุงุฏู ูุชููุณ ุงูุฎุถุฑุงุก ูุฑุจู ูุญูุธ ุชููุณ ูู ูุญุงููุงุช ุงูุงูููุงุจ ุนูู ุงูุซูุฑุฉ ูุจุซ ุงููุชูุฉ ูุงูุงุฑูุงุจ ูู ุงูุงุนูุงู ูุบููุงู ุงูุงูุงุฑุงุช ุงูุตูููููุฉ ูุงููู ุงูุจุฑ,negative
ุงุชููู ุณูุฉ ุงุฏุงุฑูุฉ ุณุนูุฏุฉ ูููุง ุงูู ูุงุณุชูุฑุงุฑ ููููุง ุงูุชุตุงุฏู ูุชููุณ ุงูุฎุถุฑุงุก ูุฑุจู ูุญูุธ ุชููุณ ูู ูุญุงููุงุช ุงูุงูููุงุจ ุนูู ุงูุซูุฑุฉ ูุจุซ ุงููุชูุฉ ูุงูุงุฑูุงุจ ูู ุงูุงุนูุงู ูุบููุงู ุงูุงูุงุฑุงุช ุงูุตูููููุฉ ูุงููู ุงูุจุฑ ูุงูุดุงุก ุงููู ููุฌุญ ูู ุญูุงุชู ุงูุณูุฉ ูุงุฐู๐๐๐๐๐๐,negative
ุงูููู ุงุญูู ุงููุณุฌุฏ ุงูุฃูุตู ููุฒูุฒู ุงูุฃุฑุถ ุชุญุช ุฃูุฏุงู ุฃุนุฏุงุก ุงูุฏูู ูุง ุฑุจ ุงูุนุงูููู,negative
"ุฒุนูุง ูุง #ุจุฑุชฺจุงูุฉ ! ุงู ูู ูุนุจุช ูุง ุฒูุฑ ู ุชุจุฏูุช ุงูุฃุญูุงู ู ุฑูุจุช ุฃูู ุทูุงุฑุฉ ูุจูุงุฏ ุงูุณูููุงุช ...
ุฃูุง ุจูุงุตุฉ ุฑูููุณูุง โฆ๐ท๐บโฉ ุฑูุณูุง ุฑูุณูุงุงุงุงโฆ๐ท๐บโฉ 
#ุจูุงุตุฉุฑูุณูุง #20h #orange ๐น๐ณ",negative
ุจุงููู ุจูุณ ุงูุฑูุฌ ูููุง ุจุฑูู,negative
ูุงูู ูุจุทู ุงูุดุฑูุท ูุชุนูู ุนุงุฏ ููุด ุชุงูู ุบุงุฏู...ููู ุฑุงูู ูุงุฒูู ุชุนูู ูุนุงูุง ุนูุฏ ุจุนุงููู ููู ุดูุฑ ูุงุฒูู ุชุดุฑุฌุจู,negative
ูุฏุงู ูุจูู ุตุงูุญ ุงูุฎุท ุงููุงุชูู ูุชุงุนู ุ ุฎุงุทุฑ ุนูุฏู ุฎุท ูุนุฏุช ูุชุฑุฉ ูุง ุงุณุชุนููุชูุด ูููุงู ูุณูุฑ :/,negative
ุดููุฉ ููุฒุงุฉ ุงููููุจููุณ ูุงูุณ ูุชุงุน 29,negative
ุจููููุง ููุง ุจูููู,negative
ูุฏุงู ูู ุงูุดูุฑ,negative
ูุฏุงู ูุจูู ุตุงูุญ ุงูุฎุท ุงููุงุชูู ูุชุงุนู ุ,negative
ุจุฑุจู ุงูุง ุงูู ูู ุงูุนูุฑุฉ ูุนูุชููุง ุชุฌูุงู ูููู ุทูุจุชูุง ูุงุชุนุงุฏุด ูุฎู ูุงุฒู ูููู ูู ุฒุงุฏู ุนูุฏูุง ูููุณ ูู ุชููููููุง,negative
ุชููุฑ ุดุฑูุฉ ุฑูุชุงุฌ ููุชูุธูู ุจุงูุฎุงุฑุฌ ุฏูุฑุฉ ุชูููููุฉ ูุฌุงููุฉ ุจุฏูู ุฏูุน ุงู ุชูุงููู ูู ุนูู ุฑุนุงูุฉ ุญูุงุชูุฉ ููุงููุงุซ ูู ุฑุนุงูุฉ ุงููุณููู ูุงูุงุทูุงู + ุชูููุฑ ูุจูุช ูุฌุงูู  ููุฒูุฏ ูู ุงูุงุณุชูุณุงุฑ ุงูุฑุฌุงุก ุงูุงุชุตุงู ุนูู ุงูุฑูู ุงูุชุงูู 99582077,negative
ูููู ูุงูุตูุง ููููุจ ูู,negative
jljeyuuikjgjghddehuudqbvxpeybd,negative
ahlem  haloum,negative
ูููุงุด ูุดุงุฑู ูู ุงูุงููุฑ ูุงุฐู,negative
mahlah.3ard,negative
za77 billehyy dima ntabba3 fikomm 3al page wnchdrikk fi koll pub wmarbi7tt chy๐ฅ๐ฅ,negative
ูุฒุงูุช ุงููุนุจุฉ ูุชูุงุตูุฉ ูุฅูุง ููุชุ,negative
ููุชุงุด ุงููุนุจุฉ ุงูุฌุงูุฉ!,negative
ู ุงูุง ููู ููุช ุงููู ุชูุฑูู ูู ุงููุงุฏูุงุช๐๐๐,negative
ุงูุง ุนูู ูู ุงูุฌููุจ ุจูุงู ุงูู ููุจุท ุนูุฏ ูู ุงูููุงูุงุช ุนูุงุด ูุง ููุจุทุด ุนูุง,negative
hhh hhhhh ay,negative
ahlem,negative
hhhh,negative
ุจูุงูู ููุง ูุณุจูุงุชุ,negative
le,negative
khsara yokhroj,negative
ูุง ูุณุชุญูู,negative
ูุฑุณู,negative
